,0,1,2,3,4,5,6,7,8,9,10
0,1006041_1.jpg,1231297_0.jpg,964386_0.jpg,1154812_0.jpg,2157255_1.jpg,2157255_3.jpg,337044_0.jpg,1687893_1.jpg,1987193_0.jpg,964386_1.jpg,1468799_1.jpg
1,1008785_1.jpg,1457890_0.jpg,402517_0.jpg,1906615_0.jpg,1590846_0.jpg,1953016_0.jpg,1968352_0.jpg,1132290_0.jpg,58054_0.jpg,358686_0.jpg,840601_0.jpg
2,1026722_0.jpg,2034661_0.jpg,828127_0.jpg,650774_0.jpg,472850_0.jpg,321706_1.jpg,321706_2.jpg,321706_0.jpg,733529_2.jpg,733529_1.jpg,1529023_0.jpg
3,1026731_0.jpg,1039403_0.jpg,263309_1.jpg,1486076_0.jpg,1440174_0.jpg,928673_0.jpg,263309_0.jpg,459246_0.jpg,1443668_1.jpg,1728638_1.jpg,659403_0.jpg
4,1030804_0.jpg,1030804_1.jpg,1030804_3.jpg,1030804_2.jpg,1056191_1.jpg,1056191_3.jpg,733529_3.jpg,472850_0.jpg,238697_0.jpg,1529023_0.jpg,650774_0.jpg
5,1030804_1.jpg,1030804_0.jpg,1030804_3.jpg,1030804_2.jpg,1056191_3.jpg,1056191_1.jpg,733529_3.jpg,1529023_0.jpg,472850_0.jpg,733529_2.jpg,965135_3.jpg
6,1030804_2.jpg,733529_3.jpg,1056191_1.jpg,965135_3.jpg,1529023_0.jpg,1056191_3.jpg,733529_2.jpg,472850_0.jpg,650774_0.jpg,733529_1.jpg,238697_0.jpg
7,1030804_3.jpg,1030804_0.jpg,1030804_1.jpg,1030804_2.jpg,1056191_3.jpg,1056191_1.jpg,472850_0.jpg,1529023_0.jpg,733529_3.jpg,238697_0.jpg,733529_1.jpg
8,1036341_1.jpg,2146896_0.jpg,2082446_0.jpg,1212545_0.jpg,95286_0.jpg,633904_2.jpg,986387_0.jpg,1055364_0.jpg,365129_1.jpg,2129433_0.jpg,1278044_0.jpg
9,1039403_0.jpg,659403_0.jpg,263309_0.jpg,1486076_0.jpg,263309_1.jpg,1728638_1.jpg,459246_0.jpg,1443668_1.jpg,450617_0.jpg,797428_0.jpg,2063944_0.jpg
10,1044088_0.jpg,371780_0.jpg,972385_0.jpg,317844_3.jpg,1092778_2.jpg,43259_0.jpg,371780_2.jpg,820921_1.jpg,1459159_0.jpg,371780_1.jpg,1593313_1.jpg
11,1052815_0.jpg,1052815_1.jpg,1278044_0.jpg,564539_0.jpg,50774_0.jpg,2157255_1.jpg,1687893_1.jpg,1177265_0.jpg,728285_0.jpg,1478056_0.jpg,2029929_0.jpg
12,1052815_1.jpg,1052815_0.jpg,1278044_0.jpg,50774_0.jpg,564539_0.jpg,2157255_1.jpg,1687893_1.jpg,1177265_0.jpg,32637_0.jpg,728285_0.jpg,49098_1.jpg
13,1055364_0.jpg,1443668_1.jpg,1036341_1.jpg,1212545_0.jpg,659403_0.jpg,746273_3.jpg,1614155_3.jpg,2082446_0.jpg,70857_0.jpg,2146896_0.jpg,928673_0.jpg
14,1056191_0.jpg,67178_1.jpg,317844_3.jpg,1572267_1.jpg,1379432_1.jpg,721564_0.jpg,1092778_2.jpg,472850_1.jpg,1575432_0.jpg,926124_0.jpg,1459159_0.jpg
15,1056191_1.jpg,2034661_0.jpg,1529023_0.jpg,733529_3.jpg,472850_0.jpg,1056191_3.jpg,1030804_2.jpg,733529_1.jpg,733529_2.jpg,1026722_0.jpg,1109257_2.jpg
16,1056191_2.jpg,1211380_0.jpg,472850_1.jpg,1325342_2.jpg,926124_0.jpg,67178_1.jpg,1030804_2.jpg,1030804_1.jpg,1056191_3.jpg,721564_0.jpg,1030804_0.jpg
17,1056191_3.jpg,1056191_1.jpg,1529023_0.jpg,1030804_2.jpg,965135_3.jpg,733529_3.jpg,67178_0.jpg,1367942_0.jpg,2063944_1.jpg,828127_0.jpg,268682_0.jpg
18,1063012_0.jpg,975618_0.jpg,935859_0.jpg,680660_0.jpg,139693_0.jpg,146579_0.jpg,1805038_0.jpg,1295791_0.jpg,403925_0.jpg,1649509_0.jpg,2254692_0.jpg
19,1084483_0.jpg,70857_0.jpg,1614155_3.jpg,1590478_0.jpg,1760401_1.jpg,1055364_0.jpg,928673_0.jpg,1987193_0.jpg,1743970_0.jpg,2191249_0.jpg,732760_1.jpg
20,1092778_2.jpg,1593313_1.jpg,820921_1.jpg,1572267_1.jpg,1379432_1.jpg,2182278_0.jpg,43259_0.jpg,317844_3.jpg,205570_0.jpg,1459159_0.jpg,1458432_3.jpg
21,1109257_0.jpg,1109257_1.jpg,1177265_0.jpg,1907613_0.jpg,1642099_1.jpg,1642099_0.jpg,733529_0.jpg,1687893_3.jpg,1605480_0.jpg,1605480_1.jpg,358254_0.jpg
22,1109257_1.jpg,1109257_0.jpg,1177265_0.jpg,733529_0.jpg,1907613_0.jpg,1642099_1.jpg,1642099_0.jpg,1687893_3.jpg,1605480_1.jpg,1605480_0.jpg,358254_0.jpg
23,1109257_2.jpg,321706_2.jpg,321706_1.jpg,733529_1.jpg,321706_0.jpg,650774_0.jpg,518866_0.jpg,472850_0.jpg,733529_2.jpg,2057638_0.jpg,733529_0.jpg
24,1115571_2.jpg,1468799_1.jpg,1468799_2.jpg,2253353_0.jpg,1154812_0.jpg,982234_0.jpg,2146896_0.jpg,983256_0.jpg,112172_0.jpg,32637_0.jpg,95286_0.jpg
25,112172_0.jpg,49098_1.jpg,728285_0.jpg,534007_0.jpg,2069608_0.jpg,2069608_1.jpg,358254_0.jpg,250987_1.jpg,1732332_0.jpg,1595337_0.jpg,1762430_0.jpg
26,1132290_0.jpg,1968352_0.jpg,1590846_0.jpg,1895992_0.jpg,1649509_0.jpg,1906615_0.jpg,1225066_0.jpg,58054_0.jpg,468034_0.jpg,1447377_0.jpg,358686_0.jpg
27,1141295_0.jpg,1141295_1.jpg,1728638_1.jpg,263309_0.jpg,450617_0.jpg,459246_0.jpg,928673_0.jpg,263309_1.jpg,1590478_0.jpg,1443668_1.jpg,1253010_0.jpg
28,1141295_1.jpg,1141295_0.jpg,450617_0.jpg,1728638_1.jpg,1576123_2.jpg,263309_0.jpg,459246_0.jpg,1798798_0.jpg,1325342_1.jpg,928673_0.jpg,1743970_0.jpg
29,1151476_0.jpg,358686_0.jpg,571044_0.jpg,1649509_0.jpg,708497_0.jpg,1322503_0.jpg,1968352_0.jpg,78948_0.jpg,58054_0.jpg,1197079_0.jpg,1895992_0.jpg
30,1154812_0.jpg,1468799_1.jpg,1115571_2.jpg,1006041_1.jpg,32637_0.jpg,982234_0.jpg,1468799_2.jpg,1231297_0.jpg,49098_1.jpg,797428_2.jpg,728285_0.jpg
31,1160789_0.jpg,756621_0.jpg,1283257_0.jpg,594255_1.jpg,1985202_0.jpg,1762430_0.jpg,1887053_0.jpg,1887053_1.jpg,1887053_2.jpg,250987_1.jpg,1703449_0.jpg
32,1169401_0.jpg,712329_0.jpg,986387_0.jpg,2082446_0.jpg,983256_0.jpg,687181_0.jpg,964386_1.jpg,964386_2.jpg,746273_2.jpg,1732332_0.jpg,95286_0.jpg
33,1176962_1.jpg,825479_1.jpg,314150_0.jpg,450617_0.jpg,314150_1.jpg,1798798_0.jpg,2063944_0.jpg,873005_3.jpg,205570_0.jpg,1599198_0.jpg,966066_0.jpg
34,1177265_0.jpg,1109257_0.jpg,1109257_1.jpg,1687893_3.jpg,733529_0.jpg,1907613_0.jpg,1278044_0.jpg,1605480_0.jpg,1642099_0.jpg,2157255_1.jpg,1578809_0.jpg
35,1197079_0.jpg,135567_0.jpg,468034_0.jpg,2138384_0.jpg,1322503_0.jpg,1151476_0.jpg,708497_0.jpg,1649509_0.jpg,1895992_0.jpg,1225066_0.jpg,58054_0.jpg
36,1197079_1.jpg,402517_0.jpg,1307947_0.jpg,1886547_1.jpg,573181_0.jpg,1151476_0.jpg,358686_0.jpg,1008785_1.jpg,2007119_0.jpg,194441_0.jpg,571044_0.jpg
37,1211380_0.jpg,1367942_0.jpg,1056191_2.jpg,965135_3.jpg,1030804_2.jpg,1030804_1.jpg,1527984_1.jpg,329574_0.jpg,2178745_2.jpg,1056191_3.jpg,130923_1.jpg
38,1212545_0.jpg,2082446_0.jpg,1036341_1.jpg,1055364_0.jpg,986387_0.jpg,95286_0.jpg,983256_0.jpg,1169401_0.jpg,2253353_0.jpg,112172_0.jpg,49098_1.jpg
39,1225066_0.jpg,1895992_0.jpg,58054_0.jpg,1968352_0.jpg,1132290_0.jpg,468034_0.jpg,1649509_0.jpg,708497_0.jpg,1906615_0.jpg,1197079_0.jpg,1469046_0.jpg
40,1231297_0.jpg,1987193_0.jpg,1006041_1.jpg,2157255_1.jpg,32637_0.jpg,964386_0.jpg,1687893_1.jpg,50774_0.jpg,1278044_0.jpg,2029929_0.jpg,2157255_3.jpg
41,1236242_0.jpg,1236242_1.jpg,2157255_3.jpg,80746_0.jpg,964386_0.jpg,964386_1.jpg,1634047_0.jpg,383815_0.jpg,1275914_0.jpg,1275914_1.jpg,1275914_2.jpg
42,1236242_0.jpg,1236242_1.jpg,2157255_3.jpg,80746_0.jpg,964386_0.jpg,964386_1.jpg,1634047_0.jpg,383815_0.jpg,1275914_0.jpg,1275914_1.jpg,1275914_2.jpg
43,1253010_0.jpg,2063944_3.jpg,1728638_1.jpg,1590478_0.jpg,1614155_3.jpg,643543_0.jpg,263309_0.jpg,732760_1.jpg,1443668_1.jpg,450617_0.jpg,50774_0.jpg
44,1260869_0.jpg,1260869_1.jpg,1260869_2.jpg,633904_2.jpg,664385_1.jpg,633904_1.jpg,797428_2.jpg,2129433_0.jpg,752830_0.jpg,1036341_1.jpg,1957545_0.jpg
45,1260869_1.jpg,1260869_2.jpg,1260869_0.jpg,633904_2.jpg,664385_1.jpg,633904_1.jpg,797428_2.jpg,2129433_0.jpg,1957545_0.jpg,1036341_1.jpg,752830_0.jpg
46,1260869_2.jpg,1260869_1.jpg,1260869_0.jpg,633904_2.jpg,633904_1.jpg,664385_1.jpg,797428_2.jpg,2129433_0.jpg,1036341_1.jpg,2146896_0.jpg,752830_0.jpg
47,1267201_0.jpg,468034_0.jpg,708497_0.jpg,164551_0.jpg,1225066_0.jpg,682476_0.jpg,1895992_0.jpg,1132290_0.jpg,58054_0.jpg,1447377_0.jpg,1968352_0.jpg
48,1268790_0.jpg,1433731_1.jpg,1703449_1.jpg,80746_0.jpg,712329_0.jpg,687181_0.jpg,1634047_0.jpg,594255_0.jpg,983256_0.jpg,345278_0.jpg,964386_1.jpg
49,1270642_0.jpg,2057638_0.jpg,52734_0.jpg,1325563_0.jpg,1687893_2.jpg,594255_3.jpg,891974_0.jpg,1579564_0.jpg,733529_0.jpg,732760_1.jpg,651751_1.jpg
50,1275914_0.jpg,1275914_1.jpg,1275914_2.jpg,383815_0.jpg,1231297_0.jpg,2029929_0.jpg,80746_0.jpg,2157255_3.jpg,1987193_0.jpg,660354_0.jpg,964386_0.jpg
51,1275914_0.jpg,1275914_1.jpg,1275914_2.jpg,383815_0.jpg,1231297_0.jpg,2029929_0.jpg,80746_0.jpg,2157255_3.jpg,1987193_0.jpg,660354_0.jpg,964386_0.jpg
52,1275914_0.jpg,1275914_1.jpg,1275914_2.jpg,383815_0.jpg,1231297_0.jpg,2029929_0.jpg,80746_0.jpg,2157255_3.jpg,1987193_0.jpg,660354_0.jpg,964386_0.jpg
53,1278044_0.jpg,50774_0.jpg,1687893_1.jpg,2157255_1.jpg,1052815_0.jpg,1052815_1.jpg,564539_0.jpg,32637_0.jpg,1177265_0.jpg,1687893_0.jpg,1595337_0.jpg
54,1283257_0.jpg,756621_0.jpg,1160789_0.jpg,564539_1.jpg,594255_1.jpg,595610_0.jpg,1794790_1.jpg,1703449_0.jpg,1673499_0.jpg,1985202_0.jpg,364512_0.jpg
55,1286631_0.jpg,1286631_1.jpg,1703449_0.jpg,1160789_0.jpg,564539_1.jpg,594255_1.jpg,1673499_0.jpg,1794790_1.jpg,1786827_0.jpg,595610_0.jpg,2157255_2.jpg
56,1286631_1.jpg,1286631_0.jpg,1703449_0.jpg,1160789_0.jpg,564539_1.jpg,964386_2.jpg,595610_0.jpg,1786827_0.jpg,1673499_0.jpg,1433731_0.jpg,756621_0.jpg
57,1295791_0.jpg,139693_0.jpg,1063012_0.jpg,403925_0.jpg,680660_0.jpg,975618_0.jpg,935859_0.jpg,786471_0.jpg,1805038_0.jpg,1008785_1.jpg,1132290_0.jpg
58,1298663_0.jpg,1880950_1.jpg,463201_1.jpg,463201_0.jpg,2182278_1.jpg,1529023_0.jpg,699949_0.jpg,1325342_0.jpg,67178_0.jpg,1325342_2.jpg,739325_0.jpg
59,1307947_0.jpg,571044_0.jpg,2007119_0.jpg,358686_0.jpg,402517_0.jpg,573181_0.jpg,1322503_0.jpg,1151476_0.jpg,1906615_0.jpg,58054_0.jpg,1968352_0.jpg
60,130923_0.jpg,691503_0.jpg,1478056_0.jpg,1687893_0.jpg,1634047_0.jpg,427793_0.jpg,712329_0.jpg,1703449_1.jpg,1595337_0.jpg,142634_0.jpg,1433731_0.jpg
61,130923_1.jpg,130923_2.jpg,1527984_1.jpg,2178745_2.jpg,450617_1.jpg,1798798_0.jpg,1325563_1.jpg,822789_0.jpg,965135_3.jpg,268682_0.jpg,205570_0.jpg
62,130923_2.jpg,130923_1.jpg,1527984_1.jpg,2178745_2.jpg,564539_3.jpg,1687893_2.jpg,1798798_0.jpg,450617_1.jpg,460361_0.jpg,1325563_1.jpg,733529_3.jpg
63,1322503_0.jpg,358686_0.jpg,571044_0.jpg,1151476_0.jpg,573181_0.jpg,2138384_0.jpg,1649509_0.jpg,1197079_0.jpg,1307947_0.jpg,1906615_0.jpg,58054_0.jpg
64,1325342_0.jpg,738333_1.jpg,463201_1.jpg,1871222_0.jpg,2057638_0.jpg,1824421_0.jpg,92429_0.jpg,463201_0.jpg,1760401_1.jpg,321706_2.jpg,92429_2.jpg
65,1325342_1.jpg,1798798_0.jpg,891974_0.jpg,1141295_0.jpg,1141295_1.jpg,1176962_1.jpg,450617_0.jpg,1582653_0.jpg,205570_0.jpg,263309_0.jpg,733529_2.jpg
66,1325342_2.jpg,67178_1.jpg,926124_0.jpg,1379432_1.jpg,1572267_1.jpg,2182278_1.jpg,67178_0.jpg,371780_2.jpg,472850_1.jpg,1092778_2.jpg,205570_0.jpg
67,1325563_0.jpg,217204_0.jpg,1579564_0.jpg,1614155_3.jpg,732760_1.jpg,1987193_0.jpg,1231297_0.jpg,1275914_0.jpg,1275914_1.jpg,1275914_2.jpg,833116_1.jpg
68,1325563_1.jpg,1798798_0.jpg,822789_0.jpg,205570_0.jpg,450617_1.jpg,1599198_0.jpg,317844_2.jpg,1418639_0.jpg,2178745_2.jpg,130923_2.jpg,1325342_1.jpg
69,1327521_0.jpg,2208073_0.jpg,786471_0.jpg,921968_0.jpg,378618_0.jpg,1063012_0.jpg,358686_0.jpg,1322503_0.jpg,573181_0.jpg,2007119_0.jpg,840601_0.jpg
70,1340129_0.jpg,733529_0.jpg,1907613_0.jpg,1109257_1.jpg,1642099_1.jpg,1109257_0.jpg,1642099_0.jpg,1177265_0.jpg,1579564_0.jpg,321706_1.jpg,321706_0.jpg
71,1352316_1.jpg,1794790_0.jpg,1794790_1.jpg,594255_1.jpg,226518_1.jpg,564539_1.jpg,1985202_0.jpg,1283257_0.jpg,2157255_2.jpg,1160789_0.jpg,595610_0.jpg
72,135567_0.jpg,1197079_0.jpg,468034_0.jpg,1649509_0.jpg,2138384_0.jpg,708497_0.jpg,1225066_0.jpg,1895992_0.jpg,1151476_0.jpg,1132290_0.jpg,682476_0.jpg
73,1366096_0.jpg,1177265_0.jpg,1109257_0.jpg,2029929_0.jpg,1109257_1.jpg,1907613_0.jpg,564539_0.jpg,1278044_0.jpg,1578809_0.jpg,1642099_0.jpg,1642099_1.jpg
74,1367942_0.jpg,1527984_1.jpg,667181_0.jpg,1056191_3.jpg,733529_3.jpg,2178745_2.jpg,965135_3.jpg,268682_0.jpg,1030804_2.jpg,828127_0.jpg,1529023_0.jpg
75,1372772_0.jpg,1433731_1.jpg,1634047_0.jpg,1268790_0.jpg,712329_0.jpg,80746_0.jpg,383815_0.jpg,1478056_0.jpg,2105809_1.jpg,1703449_1.jpg,345278_3.jpg
76,1379432_0.jpg,1572267_0.jpg,873005_3.jpg,1458432_3.jpg,1974879_3.jpg,205570_0.jpg,1599198_0.jpg,1176962_1.jpg,1454863_0.jpg,1798798_0.jpg,314150_0.jpg
77,1379432_1.jpg,1572267_1.jpg,1092778_2.jpg,67178_1.jpg,721564_0.jpg,472850_1.jpg,820921_1.jpg,205570_0.jpg,1459159_0.jpg,801315_1.jpg,317844_3.jpg
78,139693_0.jpg,975618_0.jpg,680660_0.jpg,935859_0.jpg,1063012_0.jpg,1805038_0.jpg,403925_0.jpg,1295791_0.jpg,146579_0.jpg,1906615_0.jpg,2254692_0.jpg
79,1418639_0.jpg,891974_0.jpg,1798798_0.jpg,1325563_1.jpg,460361_0.jpg,833116_1.jpg,217204_0.jpg,1576123_2.jpg,1532381_2.jpg,1599198_0.jpg,1532381_3.jpg
80,1418639_1.jpg,1418639_2.jpg,472850_1.jpg,1056191_0.jpg,1418639_0.jpg,92429_1.jpg,801315_1.jpg,721564_0.jpg,589746_0.jpg,1572267_1.jpg,1379432_1.jpg
81,1418639_2.jpg,589746_0.jpg,2063944_2.jpg,1418639_1.jpg,589746_2.jpg,2063944_1.jpg,1778844_0.jpg,2046514_3.jpg,871447_0.jpg,472850_1.jpg,2029929_1.jpg
82,142634_0.jpg,691503_0.jpg,728285_0.jpg,1762430_0.jpg,1160789_0.jpg,250987_1.jpg,1687893_0.jpg,1433731_0.jpg,1595337_0.jpg,756621_0.jpg,1478056_0.jpg
83,1433731_0.jpg,1703449_1.jpg,1433731_1.jpg,691503_0.jpg,1286631_1.jpg,1703449_0.jpg,1286631_0.jpg,1478056_0.jpg,1762430_0.jpg,1160789_0.jpg,964386_2.jpg
84,1433731_1.jpg,1703449_1.jpg,1433731_0.jpg,80746_0.jpg,1268790_0.jpg,1634047_0.jpg,964386_2.jpg,1478056_0.jpg,712329_0.jpg,983256_0.jpg,1673499_0.jpg
85,1440174_0.jpg,459246_0.jpg,263309_1.jpg,263309_0.jpg,1728638_1.jpg,450617_0.jpg,732760_1.jpg,38710_0.jpg,1141295_0.jpg,659403_0.jpg,1443668_1.jpg
86,1443668_1.jpg,1055364_0.jpg,659403_0.jpg,1728638_1.jpg,1036341_1.jpg,928673_0.jpg,746273_3.jpg,1212545_0.jpg,732760_1.jpg,263309_0.jpg,1614155_3.jpg
87,1447377_0.jpg,1132290_0.jpg,468034_0.jpg,682476_0.jpg,358686_0.jpg,1225066_0.jpg,325224_0.jpg,1151476_0.jpg,164551_0.jpg,1895992_0.jpg,1968352_0.jpg
88,1454863_0.jpg,1687893_2.jpg,594255_3.jpg,1743970_0.jpg,50774_0.jpg,365129_2.jpg,564539_3.jpg,1590478_0.jpg,460361_0.jpg,660354_0.jpg,833116_1.jpg
89,1457890_0.jpg,1008785_1.jpg,1132290_0.jpg,402517_0.jpg,1906615_0.jpg,840601_0.jpg,1968352_0.jpg,1590846_0.jpg,1953016_0.jpg,358686_0.jpg,58054_0.jpg
90,1458432_1.jpg,1730220_1.jpg,317844_3.jpg,36756_0.jpg,1575432_0.jpg,1458432_3.jpg,1974879_3.jpg,2229742_0.jpg,2182278_0.jpg,1044088_0.jpg,801315_1.jpg
91,1458432_3.jpg,1974879_3.jpg,1379432_0.jpg,2182278_0.jpg,205570_0.jpg,873005_3.jpg,1575432_0.jpg,1572267_0.jpg,1176962_1.jpg,1798798_0.jpg,2229742_0.jpg
92,1459159_0.jpg,972385_0.jpg,1603710_0.jpg,1092778_2.jpg,820921_1.jpg,2182278_0.jpg,1572267_1.jpg,1379432_1.jpg,317844_3.jpg,67178_1.jpg,43259_0.jpg
93,146579_0.jpg,975618_0.jpg,1805038_0.jpg,935859_0.jpg,680660_0.jpg,1063012_0.jpg,139693_0.jpg,2254692_0.jpg,1649509_0.jpg,1953016_0.jpg,1906615_0.jpg
94,1468799_1.jpg,1115571_2.jpg,1468799_2.jpg,1154812_0.jpg,983256_0.jpg,1732332_0.jpg,2253353_0.jpg,112172_0.jpg,32637_0.jpg,49098_1.jpg,1762430_0.jpg
95,1468799_2.jpg,1115571_2.jpg,1468799_1.jpg,2253353_0.jpg,1964332_0.jpg,756621_0.jpg,112172_0.jpg,1160789_0.jpg,1985202_0.jpg,983256_0.jpg,364512_0.jpg
96,1469046_0.jpg,1895992_0.jpg,1968352_0.jpg,2185508_0.jpg,58054_0.jpg,1590846_0.jpg,708497_0.jpg,1649509_0.jpg,1906615_0.jpg,1953016_0.jpg,1132290_0.jpg
97,1473075_0.jpg,1473075_1.jpg,17126_0.jpg,17126_1.jpg,17126_2.jpg,17126_3.jpg,809120_0.jpg,1599198_0.jpg,825479_1.jpg,263977_1.jpg,734879_0.jpg
98,1473075_1.jpg,1473075_0.jpg,17126_0.jpg,17126_1.jpg,17126_2.jpg,17126_3.jpg,809120_0.jpg,205570_0.jpg,1599198_0.jpg,1092778_2.jpg,317844_3.jpg
99,1478056_0.jpg,691503_0.jpg,1634047_0.jpg,1762430_0.jpg,1687893_0.jpg,130923_0.jpg,1703449_1.jpg,1433731_0.jpg,1578809_0.jpg,1732332_0.jpg,1433731_1.jpg
100,1486076_0.jpg,1039403_0.jpg,263309_1.jpg,57463_0.jpg,263309_0.jpg,809120_0.jpg,2229742_0.jpg,1026731_0.jpg,1497135_0.jpg,459246_0.jpg,1440174_0.jpg
101,1497135_0.jpg,1486076_0.jpg,57463_0.jpg,1176962_1.jpg,966066_0.jpg,1039403_0.jpg,1325342_1.jpg,314150_0.jpg,926124_0.jpg,314150_1.jpg,825479_1.jpg
102,1526690_0.jpg,2051515_0.jpg,682476_0.jpg,1447377_0.jpg,1307947_0.jpg,573181_0.jpg,921968_0.jpg,957675_0.jpg,1915995_0.jpg,358686_0.jpg,325224_0.jpg
103,1527984_0.jpg,2157255_3.jpg,964386_0.jpg,1578809_0.jpg,1634047_0.jpg,1109257_1.jpg,1177265_0.jpg,1109257_0.jpg,2157255_1.jpg,1687893_0.jpg,427793_0.jpg
104,1527984_1.jpg,2178745_2.jpg,130923_2.jpg,130923_1.jpg,1367942_0.jpg,268682_0.jpg,329574_0.jpg,733529_3.jpg,564539_3.jpg,828127_0.jpg,965135_3.jpg
105,1529023_0.jpg,828127_0.jpg,965135_3.jpg,733529_3.jpg,1056191_1.jpg,472850_0.jpg,67178_0.jpg,733529_2.jpg,891974_0.jpg,1030804_2.jpg,1026722_0.jpg
106,1532381_2.jpg,1532381_3.jpg,1568581_2.jpg,1760401_1.jpg,891974_0.jpg,1798798_0.jpg,472850_0.jpg,1576123_2.jpg,777138_1.jpg,460361_0.jpg,777138_0.jpg
107,1532381_3.jpg,1532381_2.jpg,1568581_2.jpg,1576123_2.jpg,1798798_0.jpg,217204_0.jpg,738333_1.jpg,891974_0.jpg,472850_0.jpg,2218144_1.jpg,460361_0.jpg
108,1568581_2.jpg,833116_1.jpg,1532381_2.jpg,726740_0.jpg,777138_1.jpg,1707110_1.jpg,217204_0.jpg,1532381_3.jpg,660354_0.jpg,460361_0.jpg,777138_0.jpg
109,1572267_0.jpg,1379432_0.jpg,205570_0.jpg,1458432_3.jpg,1974879_3.jpg,1599198_0.jpg,873005_3.jpg,1798798_0.jpg,660354_1.jpg,1176962_1.jpg,801315_1.jpg
110,1572267_1.jpg,1379432_1.jpg,1092778_2.jpg,67178_1.jpg,721564_0.jpg,472850_1.jpg,820921_1.jpg,205570_0.jpg,1459159_0.jpg,801315_1.jpg,317844_3.jpg
111,1575432_0.jpg,2182278_0.jpg,2229742_0.jpg,1458432_3.jpg,1974879_3.jpg,43259_0.jpg,205570_0.jpg,820921_1.jpg,1730220_1.jpg,450617_0.jpg,1582653_0.jpg
112,1576123_1.jpg,1532381_3.jpg,460361_0.jpg,891974_0.jpg,828127_0.jpg,733529_2.jpg,378618_0.jpg,1418639_0.jpg,472850_0.jpg,1798798_0.jpg,1325342_1.jpg
113,1576123_2.jpg,1707110_2.jpg,1532381_2.jpg,1760401_1.jpg,217204_0.jpg,1798798_0.jpg,1871222_0.jpg,263977_1.jpg,314150_0.jpg,1532381_3.jpg,314150_1.jpg
114,1578809_0.jpg,1687893_0.jpg,2069608_1.jpg,2069608_0.jpg,691503_0.jpg,1478056_0.jpg,1634047_0.jpg,1595337_0.jpg,345278_0.jpg,2029929_0.jpg,564539_0.jpg
115,1579564_0.jpg,1340129_0.jpg,1907613_0.jpg,1109257_1.jpg,1109257_0.jpg,1614155_3.jpg,217204_0.jpg,1325563_0.jpg,1642099_1.jpg,1642099_0.jpg,833116_1.jpg
116,1582653_0.jpg,450617_0.jpg,825479_1.jpg,1325342_1.jpg,459246_0.jpg,1176962_1.jpg,365129_2.jpg,1798798_0.jpg,732760_1.jpg,1270642_0.jpg,1575432_0.jpg
117,1590478_0.jpg,1743970_0.jpg,1728638_1.jpg,1614155_3.jpg,1253010_0.jpg,1443668_1.jpg,50774_0.jpg,70857_0.jpg,659403_0.jpg,1055364_0.jpg,594255_3.jpg
118,1590846_0.jpg,1895992_0.jpg,1968352_0.jpg,1906615_0.jpg,1649509_0.jpg,1132290_0.jpg,58054_0.jpg,1469046_0.jpg,571044_0.jpg,164551_0.jpg,1953016_0.jpg
119,1593313_1.jpg,1092778_2.jpg,317844_3.jpg,2002494_0.jpg,205570_0.jpg,263977_1.jpg,589746_1.jpg,820921_1.jpg,1599198_0.jpg,92429_1.jpg,17126_0.jpg
120,1595337_0.jpg,1687893_0.jpg,250987_1.jpg,2069608_0.jpg,2069608_1.jpg,691503_0.jpg,534007_0.jpg,728285_0.jpg,1762430_0.jpg,1732332_0.jpg,358254_0.jpg
121,1598129_0.jpg,2157255_2.jpg,1887053_0.jpg,1887053_1.jpg,1887053_2.jpg,1673499_0.jpg,1985202_0.jpg,1286631_0.jpg,1286631_1.jpg,594255_1.jpg,1703449_0.jpg
122,1599198_0.jpg,205570_0.jpg,1798798_0.jpg,777138_0.jpg,660354_1.jpg,777138_1.jpg,589746_1.jpg,873005_3.jpg,1379432_0.jpg,460361_0.jpg,1176962_1.jpg
123,1603710_0.jpg,1459159_0.jpg,1092778_2.jpg,2182278_0.jpg,972385_0.jpg,67178_1.jpg,1572267_1.jpg,820921_1.jpg,1379432_1.jpg,1056191_0.jpg,43259_0.jpg
124,1605480_0.jpg,1605480_1.jpg,1642099_0.jpg,1642099_1.jpg,691430_0.jpg,358254_0.jpg,1109257_0.jpg,1907613_0.jpg,1177265_0.jpg,1958613_0.jpg,1687893_0.jpg
125,1605480_1.jpg,1605480_0.jpg,1642099_0.jpg,1642099_1.jpg,691430_0.jpg,358254_0.jpg,1109257_0.jpg,1958613_0.jpg,1907613_0.jpg,1177265_0.jpg,1109257_1.jpg
126,1614155_3.jpg,732760_1.jpg,1055364_0.jpg,1579564_0.jpg,643543_0.jpg,70857_0.jpg,1987193_0.jpg,659403_0.jpg,928673_0.jpg,1728638_1.jpg,217204_0.jpg
127,1634047_0.jpg,1478056_0.jpg,80746_0.jpg,1703449_1.jpg,712329_0.jpg,1433731_1.jpg,964386_1.jpg,691503_0.jpg,130923_0.jpg,1578809_0.jpg,964386_0.jpg
128,1642099_0.jpg,1642099_1.jpg,1605480_0.jpg,1605480_1.jpg,1958613_0.jpg,1109257_0.jpg,1907613_0.jpg,1109257_1.jpg,358254_0.jpg,733529_0.jpg,1177265_0.jpg
129,1642099_1.jpg,1642099_0.jpg,1605480_1.jpg,1605480_0.jpg,1958613_0.jpg,1109257_0.jpg,1109257_1.jpg,1907613_0.jpg,733529_0.jpg,358254_0.jpg,1177265_0.jpg
130,164551_0.jpg,1590846_0.jpg,708497_0.jpg,1649509_0.jpg,1132290_0.jpg,468034_0.jpg,1968352_0.jpg,78948_0.jpg,1895992_0.jpg,1469046_0.jpg,571044_0.jpg
131,1649509_0.jpg,1968352_0.jpg,1895992_0.jpg,58054_0.jpg,2138384_0.jpg,1906615_0.jpg,571044_0.jpg,1590846_0.jpg,78948_0.jpg,1953016_0.jpg,1132290_0.jpg
132,1673499_0.jpg,564539_1.jpg,1703449_1.jpg,756621_0.jpg,1283257_0.jpg,1703449_0.jpg,1160789_0.jpg,1887053_0.jpg,1887053_1.jpg,1887053_2.jpg,595610_0.jpg
133,1673499_1.jpg,2157255_0.jpg,977773_0.jpg,230877_0.jpg,2105809_1.jpg,2158282_1.jpg,2158282_2.jpg,2158282_3.jpg,2157255_3.jpg,660354_0.jpg,383815_0.jpg
134,1679426_0.jpg,1679426_1.jpg,1278044_0.jpg,660354_0.jpg,50774_0.jpg,427793_0.jpg,594255_0.jpg,130923_0.jpg,594255_3.jpg,383815_0.jpg,1052815_1.jpg
135,1679426_1.jpg,1679426_0.jpg,633904_2.jpg,1278044_0.jpg,1987193_0.jpg,50774_0.jpg,2129433_0.jpg,95286_0.jpg,797428_2.jpg,594255_0.jpg,32637_0.jpg
136,1687893_0.jpg,691503_0.jpg,1578809_0.jpg,1595337_0.jpg,2069608_0.jpg,2069608_1.jpg,250987_1.jpg,1478056_0.jpg,345278_0.jpg,728285_0.jpg,534007_0.jpg
137,1687893_1.jpg,2157255_1.jpg,1278044_0.jpg,964386_0.jpg,1478056_0.jpg,1634047_0.jpg,1595337_0.jpg,50774_0.jpg,1732332_0.jpg,712329_0.jpg,1687893_0.jpg
138,1687893_2.jpg,564539_3.jpg,52734_0.jpg,594255_3.jpg,1454863_0.jpg,650774_0.jpg,321706_0.jpg,321706_1.jpg,676600_0.jpg,460361_0.jpg,1270642_0.jpg
139,1687893_3.jpg,1177265_0.jpg,1109257_1.jpg,1109257_0.jpg,733529_0.jpg,92429_0.jpg,518866_0.jpg,1907613_0.jpg,425051_0.jpg,321706_2.jpg,2029929_0.jpg
140,1703449_0.jpg,595610_0.jpg,564539_1.jpg,1794790_1.jpg,1283257_0.jpg,1160789_0.jpg,1673499_0.jpg,1286631_0.jpg,1286631_1.jpg,756621_0.jpg,1786827_0.jpg
141,1703449_1.jpg,1433731_1.jpg,1673499_0.jpg,1433731_0.jpg,345278_0.jpg,691503_0.jpg,1703449_0.jpg,756621_0.jpg,983256_0.jpg,1634047_0.jpg,1478056_0.jpg
142,1707110_0.jpg,1707110_1.jpg,2002494_0.jpg,263977_1.jpg,589746_1.jpg,1599198_0.jpg,460361_0.jpg,314150_1.jpg,314150_0.jpg,205570_0.jpg,734879_0.jpg
143,1707110_1.jpg,263977_1.jpg,2002494_0.jpg,833116_1.jpg,217204_0.jpg,1568581_2.jpg,1707110_0.jpg,460361_0.jpg,1614155_3.jpg,1743970_0.jpg,450617_0.jpg
144,1707110_2.jpg,1576123_2.jpg,263977_2.jpg,1743970_0.jpg,314150_0.jpg,314150_1.jpg,1728638_1.jpg,1760401_1.jpg,263977_1.jpg,450617_0.jpg,1707110_1.jpg
145,17126_0.jpg,17126_1.jpg,17126_2.jpg,17126_3.jpg,1473075_1.jpg,1473075_0.jpg,809120_0.jpg,317844_3.jpg,1092778_2.jpg,205570_0.jpg,1593313_1.jpg
146,17126_0.jpg,17126_1.jpg,17126_2.jpg,17126_3.jpg,1473075_1.jpg,1473075_0.jpg,809120_0.jpg,317844_3.jpg,1092778_2.jpg,205570_0.jpg,1593313_1.jpg
147,17126_0.jpg,17126_1.jpg,17126_2.jpg,17126_3.jpg,1473075_1.jpg,1473075_0.jpg,809120_0.jpg,317844_3.jpg,1092778_2.jpg,205570_0.jpg,1593313_1.jpg
148,17126_0.jpg,17126_1.jpg,17126_2.jpg,17126_3.jpg,1473075_1.jpg,1473075_0.jpg,809120_0.jpg,317844_3.jpg,1092778_2.jpg,205570_0.jpg,1593313_1.jpg
149,1728638_1.jpg,928673_0.jpg,450617_0.jpg,1443668_1.jpg,263309_0.jpg,732760_1.jpg,1743970_0.jpg,659403_0.jpg,263977_2.jpg,459246_0.jpg,1141295_0.jpg
150,1730220_1.jpg,1458432_1.jpg,1575432_0.jpg,2229742_0.jpg,36756_0.jpg,2182278_0.jpg,460016_0.jpg,1458432_3.jpg,1974879_3.jpg,36756_1.jpg,450617_1.jpg
151,1730220_2.jpg,460016_1.jpg,460016_0.jpg,36756_0.jpg,36756_1.jpg,1260869_0.jpg,36756_2.jpg,1260869_1.jpg,664385_1.jpg,1260869_2.jpg,36756_3.jpg
152,1732332_0.jpg,983256_0.jpg,1762430_0.jpg,986387_0.jpg,1595337_0.jpg,364512_0.jpg,112172_0.jpg,2069608_0.jpg,2069608_1.jpg,728285_0.jpg,1478056_0.jpg
153,1737403_0.jpg,52734_0.jpg,1325563_1.jpg,651751_1.jpg,1270642_0.jpg,1582653_0.jpg,345278_1.jpg,91316_0.jpg,594255_3.jpg,1325563_0.jpg,750334_0.jpg
154,173900_0.jpg,468034_0.jpg,1197079_0.jpg,1225066_0.jpg,708497_0.jpg,135567_0.jpg,2185508_0.jpg,682476_0.jpg,1132290_0.jpg,1469046_0.jpg,1267201_0.jpg
155,1743970_0.jpg,450617_0.jpg,1728638_1.jpg,732760_1.jpg,2191249_0.jpg,1590478_0.jpg,50774_0.jpg,263977_2.jpg,2063944_0.jpg,70857_0.jpg,659403_0.jpg
156,1760401_1.jpg,365129_2.jpg,217204_0.jpg,1743970_0.jpg,2057638_0.jpg,660354_0.jpg,2034661_0.jpg,833116_1.jpg,1532381_2.jpg,50774_0.jpg,1871222_0.jpg
157,1762430_0.jpg,364512_0.jpg,1160789_0.jpg,1964332_0.jpg,756621_0.jpg,1478056_0.jpg,1732332_0.jpg,691503_0.jpg,1283257_0.jpg,1595337_0.jpg,250987_1.jpg
158,1778844_0.jpg,589746_1.jpg,2002494_0.jpg,1418639_0.jpg,1760401_1.jpg,734879_0.jpg,734879_1.jpg,1599198_0.jpg,777138_0.jpg,460361_0.jpg,1798798_0.jpg
159,1786827_0.jpg,564539_1.jpg,595610_0.jpg,1703449_0.jpg,1283257_0.jpg,1794790_1.jpg,964386_2.jpg,1286631_0.jpg,1286631_1.jpg,986387_0.jpg,1160789_0.jpg
160,1794790_0.jpg,1352316_1.jpg,1794790_1.jpg,594255_1.jpg,564539_1.jpg,1985202_0.jpg,226518_1.jpg,2157255_2.jpg,1283257_0.jpg,595610_0.jpg,1160789_0.jpg
161,1794790_1.jpg,1794790_0.jpg,564539_1.jpg,1352316_1.jpg,594255_1.jpg,595610_0.jpg,1985202_0.jpg,1703449_0.jpg,1283257_0.jpg,1673499_0.jpg,2157255_2.jpg
162,1798798_0.jpg,1599198_0.jpg,205570_0.jpg,460361_0.jpg,1532381_2.jpg,1325342_1.jpg,891974_0.jpg,314150_0.jpg,1576123_2.jpg,314150_1.jpg,1176962_1.jpg
163,1805038_0.jpg,935859_0.jpg,146579_0.jpg,975618_0.jpg,2254692_0.jpg,139693_0.jpg,1063012_0.jpg,680660_0.jpg,1649509_0.jpg,786471_0.jpg,1895992_0.jpg
164,1824421_0.jpg,472850_0.jpg,1109257_2.jpg,733529_2.jpg,1325342_0.jpg,1532381_2.jpg,738333_1.jpg,2057638_0.jpg,463201_0.jpg,733529_1.jpg,1871222_0.jpg
165,1857959_0.jpg,280948_0.jpg,921968_0.jpg,462536_0.jpg,957675_0.jpg,2051515_0.jpg,1447377_0.jpg,242531_0.jpg,2208073_0.jpg,786471_0.jpg,1327521_0.jpg
166,1871222_0.jpg,664385_2.jpg,238697_2.jpg,365129_2.jpg,2157255_1.jpg,1760401_1.jpg,1109257_2.jpg,732760_1.jpg,1052815_1.jpg,1325342_0.jpg,263977_2.jpg
167,1880950_1.jpg,1298663_0.jpg,463201_1.jpg,1325342_0.jpg,1529023_0.jpg,463201_0.jpg,314150_1.jpg,314150_0.jpg,699949_0.jpg,828127_0.jpg,1026722_0.jpg
168,1886547_1.jpg,1197079_1.jpg,402517_0.jpg,1008785_1.jpg,840601_0.jpg,975618_0.jpg,358686_0.jpg,1063012_0.jpg,1307947_0.jpg,1953016_0.jpg,139693_0.jpg
169,1887053_0.jpg,1887053_1.jpg,1887053_2.jpg,1985202_0.jpg,2157255_2.jpg,1160789_0.jpg,594255_1.jpg,756621_0.jpg,226518_1.jpg,1673499_0.jpg,1283257_0.jpg
170,1887053_0.jpg,1887053_1.jpg,1887053_2.jpg,1985202_0.jpg,2157255_2.jpg,1160789_0.jpg,594255_1.jpg,756621_0.jpg,226518_1.jpg,1673499_0.jpg,1283257_0.jpg
171,1887053_0.jpg,1887053_1.jpg,1887053_2.jpg,1985202_0.jpg,2157255_2.jpg,1160789_0.jpg,594255_1.jpg,756621_0.jpg,226518_1.jpg,1673499_0.jpg,1283257_0.jpg
172,1895992_0.jpg,1968352_0.jpg,58054_0.jpg,1906615_0.jpg,1649509_0.jpg,1590846_0.jpg,1469046_0.jpg,1953016_0.jpg,1132290_0.jpg,1225066_0.jpg,708497_0.jpg
173,1906615_0.jpg,1968352_0.jpg,1895992_0.jpg,58054_0.jpg,1953016_0.jpg,1649509_0.jpg,1590846_0.jpg,571044_0.jpg,1132290_0.jpg,1469046_0.jpg,358686_0.jpg
174,1907613_0.jpg,1109257_0.jpg,1109257_1.jpg,1642099_0.jpg,1642099_1.jpg,1177265_0.jpg,733529_0.jpg,1605480_0.jpg,1340129_0.jpg,1605480_1.jpg,1278044_0.jpg
175,1909762_0.jpg,1909762_1.jpg,726740_0.jpg,1568581_2.jpg,825479_1.jpg,263977_1.jpg,1707110_1.jpg,660354_0.jpg,2002494_0.jpg,2191249_0.jpg,589746_1.jpg
176,1909762_1.jpg,1909762_0.jpg,825479_1.jpg,660354_0.jpg,1568581_2.jpg,2191249_0.jpg,726740_0.jpg,777138_1.jpg,2218144_1.jpg,797428_0.jpg,821742_0.jpg
177,1915995_0.jpg,682476_0.jpg,957675_0.jpg,1447377_0.jpg,203796_0.jpg,1197079_0.jpg,1526690_0.jpg,1857959_0.jpg,573181_0.jpg,921968_0.jpg,325224_0.jpg
178,1917423_0.jpg,691430_0.jpg,1605480_1.jpg,1605480_0.jpg,518866_0.jpg,321706_2.jpg,2157255_1.jpg,321706_0.jpg,425051_0.jpg,321706_1.jpg,1109257_2.jpg
179,194441_0.jpg,573181_0.jpg,358686_0.jpg,571044_0.jpg,1151476_0.jpg,203796_0.jpg,1307947_0.jpg,2208073_0.jpg,164551_0.jpg,1322503_0.jpg,78948_0.jpg
180,1953016_0.jpg,58054_0.jpg,1968352_0.jpg,1906615_0.jpg,1895992_0.jpg,571044_0.jpg,1649509_0.jpg,402517_0.jpg,1590846_0.jpg,78948_0.jpg,1469046_0.jpg
181,1957545_0.jpg,797428_2.jpg,95286_0.jpg,1036341_1.jpg,2129433_0.jpg,1987193_0.jpg,752830_0.jpg,633904_2.jpg,1468799_1.jpg,1212545_0.jpg,32637_0.jpg
182,1958613_0.jpg,1642099_1.jpg,1642099_0.jpg,1605480_1.jpg,1605480_0.jpg,1907613_0.jpg,1109257_0.jpg,1109257_1.jpg,691430_0.jpg,564539_2.jpg,733529_0.jpg
183,1964332_0.jpg,1762430_0.jpg,1160789_0.jpg,364512_0.jpg,756621_0.jpg,1283257_0.jpg,564539_1.jpg,1673499_0.jpg,594255_1.jpg,112172_0.jpg,1468799_2.jpg
184,1968352_0.jpg,58054_0.jpg,1895992_0.jpg,1906615_0.jpg,1649509_0.jpg,1953016_0.jpg,1590846_0.jpg,1132290_0.jpg,1469046_0.jpg,571044_0.jpg,1225066_0.jpg
185,1458432_3.jpg,1974879_3.jpg,1379432_0.jpg,2182278_0.jpg,205570_0.jpg,873005_3.jpg,1575432_0.jpg,1572267_0.jpg,1176962_1.jpg,1798798_0.jpg,2229742_0.jpg
186,1985202_0.jpg,1887053_0.jpg,1887053_1.jpg,1887053_2.jpg,226518_1.jpg,594255_1.jpg,1160789_0.jpg,1794790_1.jpg,2157255_2.jpg,1794790_0.jpg,1283257_0.jpg
187,1985202_1.jpg,797428_1.jpg,982234_1.jpg,1275914_0.jpg,1275914_1.jpg,1275914_2.jpg,238697_1.jpg,91316_0.jpg,651751_1.jpg,797428_2.jpg,383815_0.jpg
188,1987193_0.jpg,1231297_0.jpg,797428_2.jpg,50774_0.jpg,1278044_0.jpg,32637_0.jpg,1036341_1.jpg,1957545_0.jpg,2129433_0.jpg,2146896_0.jpg,964386_0.jpg
189,2002494_0.jpg,263977_1.jpg,1707110_1.jpg,589746_1.jpg,1707110_0.jpg,1576123_2.jpg,205570_0.jpg,1798798_0.jpg,1599198_0.jpg,1568581_2.jpg,1141295_1.jpg
190,2007119_0.jpg,1307947_0.jpg,573181_0.jpg,358686_0.jpg,571044_0.jpg,402517_0.jpg,1322503_0.jpg,1151476_0.jpg,2208073_0.jpg,378618_0.jpg,194441_0.jpg
191,2029929_0.jpg,1478056_0.jpg,564539_0.jpg,1578809_0.jpg,1634047_0.jpg,80746_0.jpg,1433731_1.jpg,1687893_0.jpg,1177265_0.jpg,345278_0.jpg,383815_0.jpg
192,2029929_1.jpg,2063944_2.jpg,820921_1.jpg,317844_3.jpg,1418639_0.jpg,1778844_0.jpg,589746_1.jpg,67178_0.jpg,2002494_0.jpg,1325563_1.jpg,734879_0.jpg
193,2034661_0.jpg,472850_0.jpg,1056191_1.jpg,321706_2.jpg,321706_1.jpg,1026722_0.jpg,1109257_2.jpg,733529_1.jpg,1760401_1.jpg,321706_0.jpg,733529_2.jpg
194,203796_0.jpg,194441_0.jpg,573181_0.jpg,325224_0.jpg,1447377_0.jpg,164551_0.jpg,358686_0.jpg,682476_0.jpg,1132290_0.jpg,1151476_0.jpg,708497_0.jpg
195,2046514_3.jpg,589746_2.jpg,589746_0.jpg,1778844_0.jpg,589746_1.jpg,2063944_2.jpg,67178_0.jpg,721564_0.jpg,1418639_0.jpg,1418639_2.jpg,2002494_0.jpg
196,2051515_0.jpg,1447377_0.jpg,921968_0.jpg,682476_0.jpg,1307947_0.jpg,1151476_0.jpg,358686_0.jpg,573181_0.jpg,2208073_0.jpg,957675_0.jpg,1322503_0.jpg
197,205570_0.jpg,1599198_0.jpg,1798798_0.jpg,1379432_0.jpg,1572267_0.jpg,873005_3.jpg,589746_1.jpg,1458432_3.jpg,1974879_3.jpg,2182278_0.jpg,1325563_1.jpg
198,2057638_0.jpg,321706_1.jpg,321706_2.jpg,1270642_0.jpg,733529_0.jpg,1109257_2.jpg,321706_0.jpg,733529_2.jpg,1760401_1.jpg,1907613_0.jpg,1177265_0.jpg
199,2063944_0.jpg,1743970_0.jpg,450617_0.jpg,1728638_1.jpg,263309_0.jpg,1176962_1.jpg,1039403_0.jpg,1440174_0.jpg,459246_0.jpg,732760_1.jpg,263977_2.jpg
200,2063944_1.jpg,1056191_3.jpg,2063944_2.jpg,965135_3.jpg,1056191_1.jpg,67178_0.jpg,268682_0.jpg,1529023_0.jpg,1418639_0.jpg,1778844_0.jpg,1030804_2.jpg
201,2063944_2.jpg,2063944_1.jpg,2029929_1.jpg,1778844_0.jpg,589746_1.jpg,734879_0.jpg,734879_1.jpg,1418639_0.jpg,1418639_2.jpg,2002494_0.jpg,1056191_1.jpg
202,2063944_3.jpg,1253010_0.jpg,732760_1.jpg,1614155_3.jpg,643543_0.jpg,50774_0.jpg,1325563_0.jpg,752830_0.jpg,1055364_0.jpg,676600_0.jpg,1443668_1.jpg
203,2069608_0.jpg,2069608_1.jpg,534007_0.jpg,1595337_0.jpg,1687893_0.jpg,345278_0.jpg,358254_0.jpg,250987_1.jpg,756621_0.jpg,112172_0.jpg,691503_0.jpg
204,2069608_1.jpg,2069608_0.jpg,534007_0.jpg,1687893_0.jpg,1595337_0.jpg,345278_0.jpg,358254_0.jpg,112172_0.jpg,250987_1.jpg,756621_0.jpg,691503_0.jpg
205,207635_0.jpg,1824421_0.jpg,1056191_1.jpg,2034661_0.jpg,365129_2.jpg,1532381_2.jpg,1871222_0.jpg,1568581_2.jpg,376782_0.jpg,1109257_2.jpg,1030804_2.jpg
206,2078592_0.jpg,2157255_0.jpg,660354_0.jpg,2191249_0.jpg,2157255_1.jpg,594255_3.jpg,2057638_0.jpg,1325342_0.jpg,1532381_2.jpg,1687893_1.jpg,50774_0.jpg
207,2078592_2.jpg,1730220_1.jpg,1458432_1.jpg,1575432_0.jpg,450617_1.jpg,36756_0.jpg,1379432_0.jpg,36756_1.jpg,2229742_0.jpg,460016_0.jpg,801315_1.jpg
208,2082446_0.jpg,986387_0.jpg,983256_0.jpg,1212545_0.jpg,1036341_1.jpg,2253353_0.jpg,1169401_0.jpg,1160789_0.jpg,756621_0.jpg,1762430_0.jpg,250987_1.jpg
209,2082545_0.jpg,2182278_0.jpg,1575432_0.jpg,820921_1.jpg,972385_0.jpg,43259_0.jpg,345278_2.jpg,1092778_2.jpg,317844_3.jpg,459246_0.jpg,2229742_0.jpg
210,2105809_1.jpg,1372772_0.jpg,383815_0.jpg,95286_0.jpg,345278_3.jpg,564539_0.jpg,797428_2.jpg,726740_0.jpg,1732332_0.jpg,1275914_0.jpg,1275914_1.jpg
211,2129433_0.jpg,1036341_1.jpg,2146896_0.jpg,633904_2.jpg,1957545_0.jpg,1987193_0.jpg,797428_2.jpg,746273_3.jpg,746273_1.jpg,95286_0.jpg,1468799_1.jpg
212,2131774_1.jpg,1197079_1.jpg,402517_0.jpg,840601_0.jpg,1008785_1.jpg,1886547_1.jpg,403925_0.jpg,1295791_0.jpg,1457890_0.jpg,2007119_0.jpg,975618_0.jpg
213,2138384_0.jpg,1649509_0.jpg,571044_0.jpg,1895992_0.jpg,1968352_0.jpg,58054_0.jpg,1590846_0.jpg,78948_0.jpg,1906615_0.jpg,1322503_0.jpg,1197079_0.jpg
214,2146896_0.jpg,1036341_1.jpg,365129_1.jpg,746273_1.jpg,2129433_0.jpg,2253353_0.jpg,1115571_2.jpg,633904_2.jpg,1987193_0.jpg,2082446_0.jpg,746273_2.jpg
215,2157255_0.jpg,2157255_3.jpg,660354_0.jpg,427793_0.jpg,383815_0.jpg,964386_0.jpg,1275914_0.jpg,1275914_1.jpg,1275914_2.jpg,2157255_1.jpg,1687893_1.jpg
216,2157255_1.jpg,1687893_1.jpg,964386_0.jpg,1278044_0.jpg,2157255_3.jpg,50774_0.jpg,1052815_0.jpg,1177265_0.jpg,1052815_1.jpg,1231297_0.jpg,564539_0.jpg
217,2157255_2.jpg,1887053_0.jpg,1887053_1.jpg,1887053_2.jpg,594255_1.jpg,1985202_0.jpg,1160789_0.jpg,1794790_1.jpg,1598129_0.jpg,1794790_0.jpg,1703449_0.jpg
218,2157255_3.jpg,964386_0.jpg,2157255_1.jpg,1634047_0.jpg,1687893_1.jpg,964386_1.jpg,1578809_0.jpg,1231297_0.jpg,427793_0.jpg,1478056_0.jpg,1278044_0.jpg
219,2158282_0.jpg,2158282_1.jpg,2158282_2.jpg,2158282_3.jpg,2078592_0.jpg,873005_3.jpg,797428_0.jpg,977773_0.jpg,777138_1.jpg,825479_1.jpg,660354_0.jpg
220,2158282_1.jpg,2158282_2.jpg,2158282_3.jpg,2158282_0.jpg,2078592_0.jpg,977773_0.jpg,797428_0.jpg,660354_0.jpg,873005_3.jpg,1909762_1.jpg,2157255_0.jpg
221,2158282_1.jpg,2158282_2.jpg,2158282_3.jpg,2158282_0.jpg,2078592_0.jpg,977773_0.jpg,797428_0.jpg,660354_0.jpg,873005_3.jpg,1909762_1.jpg,2157255_0.jpg
222,2158282_1.jpg,2158282_2.jpg,2158282_3.jpg,2158282_0.jpg,2078592_0.jpg,977773_0.jpg,797428_0.jpg,660354_0.jpg,873005_3.jpg,1909762_1.jpg,2157255_0.jpg
223,217204_0.jpg,833116_1.jpg,1579564_0.jpg,1325563_0.jpg,1614155_3.jpg,732760_1.jpg,1760401_1.jpg,1340129_0.jpg,365129_2.jpg,1987193_0.jpg,660354_0.jpg
224,2178745_0.jpg,650774_0.jpg,733529_2.jpg,321706_1.jpg,321706_0.jpg,321706_2.jpg,733529_1.jpg,1958613_0.jpg,472850_0.jpg,733529_3.jpg,1109257_2.jpg
225,2178745_1.jpg,738333_1.jpg,92429_2.jpg,92429_3.jpg,1109257_1.jpg,1109257_0.jpg,1907613_0.jpg,1579564_0.jpg,1958613_0.jpg,92429_0.jpg,840601_0.jpg
226,2178745_2.jpg,1527984_1.jpg,268682_0.jpg,130923_2.jpg,822789_0.jpg,733529_3.jpg,130923_1.jpg,564539_3.jpg,1325563_1.jpg,828127_0.jpg,1687893_2.jpg
227,2182278_0.jpg,1575432_0.jpg,820921_1.jpg,43259_0.jpg,1458432_3.jpg,1974879_3.jpg,2229742_0.jpg,205570_0.jpg,1092778_2.jpg,459246_0.jpg,972385_0.jpg
228,2182278_1.jpg,1325342_2.jpg,1458432_3.jpg,1974879_3.jpg,1497135_0.jpg,1575432_0.jpg,1176962_1.jpg,314150_0.jpg,314150_1.jpg,966066_0.jpg,1379432_1.jpg
229,2185508_0.jpg,1469046_0.jpg,708497_0.jpg,1895992_0.jpg,1590846_0.jpg,58054_0.jpg,1649509_0.jpg,1968352_0.jpg,2138384_0.jpg,1953016_0.jpg,164551_0.jpg
230,2191249_0.jpg,821742_0.jpg,1278044_0.jpg,1743970_0.jpg,660354_0.jpg,659403_0.jpg,732760_1.jpg,2157255_1.jpg,50774_0.jpg,1614155_3.jpg,833116_1.jpg
231,2192609_0.jpg,1576123_2.jpg,1340129_0.jpg,733529_0.jpg,321706_1.jpg,217204_0.jpg,733529_2.jpg,472850_0.jpg,2057638_0.jpg,321706_2.jpg,321706_0.jpg
232,2205076_0.jpg,833116_1.jpg,460016_1.jpg,2129433_0.jpg,217204_0.jpg,365129_2.jpg,726740_0.jpg,664385_1.jpg,2191249_0.jpg,92429_2.jpg,92429_3.jpg
233,2208073_0.jpg,1322503_0.jpg,358686_0.jpg,378618_0.jpg,571044_0.jpg,1151476_0.jpg,1307947_0.jpg,921968_0.jpg,573181_0.jpg,78948_0.jpg,2007119_0.jpg
234,2218144_1.jpg,1857959_0.jpg,462536_0.jpg,280948_0.jpg,921968_0.jpg,242531_0.jpg,1327521_0.jpg,1532381_3.jpg,2051515_0.jpg,2208073_0.jpg,957675_0.jpg
235,2229742_0.jpg,1575432_0.jpg,2182278_0.jpg,1440174_0.jpg,450617_0.jpg,459246_0.jpg,263309_1.jpg,1141295_0.jpg,1141295_1.jpg,1486076_0.jpg,263309_0.jpg
236,2253353_0.jpg,756621_0.jpg,1160789_0.jpg,633904_1.jpg,250987_1.jpg,1985202_0.jpg,1283257_0.jpg,345278_0.jpg,983256_0.jpg,2069608_0.jpg,1887053_0.jpg
237,2254692_0.jpg,935859_0.jpg,1805038_0.jpg,680660_0.jpg,975618_0.jpg,786471_0.jpg,146579_0.jpg,1063012_0.jpg,139693_0.jpg,468034_0.jpg,1649509_0.jpg
238,226518_1.jpg,594255_1.jpg,1985202_0.jpg,1352316_1.jpg,1887053_0.jpg,1887053_1.jpg,1887053_2.jpg,1160789_0.jpg,756621_0.jpg,1283257_0.jpg,1794790_0.jpg
239,229245_1.jpg,365129_2.jpg,732760_1.jpg,450617_0.jpg,217204_0.jpg,36756_1.jpg,1743970_0.jpg,833116_1.jpg,1760401_1.jpg,1325563_0.jpg,873005_3.jpg
240,230877_0.jpg,2105809_1.jpg,383815_0.jpg,660354_0.jpg,1275914_0.jpg,1275914_1.jpg,1275914_2.jpg,1372772_0.jpg,2157255_0.jpg,726740_0.jpg,345278_3.jpg
241,238697_0.jpg,733529_1.jpg,1109257_2.jpg,1056191_1.jpg,650774_0.jpg,376782_0.jpg,472850_0.jpg,733529_3.jpg,733529_2.jpg,1030804_2.jpg,321706_1.jpg
242,238697_1.jpg,1154812_0.jpg,982234_0.jpg,2129433_0.jpg,651751_1.jpg,797428_2.jpg,797428_1.jpg,750334_0.jpg,1957545_0.jpg,1987193_0.jpg,732760_1.jpg
243,238697_2.jpg,664385_2.jpg,263977_2.jpg,1871222_0.jpg,1957545_0.jpg,664385_1.jpg,1743970_0.jpg,752830_0.jpg,1728638_1.jpg,732760_1.jpg,50774_0.jpg
244,242531_0.jpg,1857959_0.jpg,280948_0.jpg,786471_0.jpg,921968_0.jpg,1447377_0.jpg,462536_0.jpg,2254692_0.jpg,1457890_0.jpg,1327521_0.jpg,468034_0.jpg
245,250987_1.jpg,534007_0.jpg,1595337_0.jpg,1160789_0.jpg,365129_1.jpg,2069608_0.jpg,756621_0.jpg,691503_0.jpg,2069608_1.jpg,1687893_0.jpg,1887053_0.jpg
246,263309_0.jpg,263309_1.jpg,1728638_1.jpg,38710_0.jpg,450617_0.jpg,459246_0.jpg,1141295_0.jpg,1443668_1.jpg,928673_0.jpg,1253010_0.jpg,1440174_0.jpg
247,263309_1.jpg,263309_0.jpg,459246_0.jpg,1728638_1.jpg,1440174_0.jpg,38710_0.jpg,450617_0.jpg,1141295_0.jpg,1039403_0.jpg,1443668_1.jpg,1486076_0.jpg
248,263977_1.jpg,1707110_1.jpg,2002494_0.jpg,314150_0.jpg,314150_1.jpg,589746_1.jpg,1576123_2.jpg,1707110_2.jpg,217204_0.jpg,1568581_2.jpg,873005_3.jpg
249,263977_2.jpg,1728638_1.jpg,238697_2.jpg,664385_2.jpg,659403_0.jpg,732760_1.jpg,752830_0.jpg,1743970_0.jpg,1614155_3.jpg,928673_0.jpg,1957545_0.jpg
250,268682_0.jpg,2178745_2.jpg,67178_0.jpg,1527984_1.jpg,822789_0.jpg,1798798_0.jpg,130923_2.jpg,1325563_1.jpg,1056191_3.jpg,1529023_0.jpg,130923_1.jpg
251,280948_0.jpg,1857959_0.jpg,462536_0.jpg,921968_0.jpg,242531_0.jpg,1447377_0.jpg,2051515_0.jpg,957675_0.jpg,786471_0.jpg,682476_0.jpg,1327521_0.jpg
252,314150_0.jpg,314150_1.jpg,1707110_2.jpg,1176962_1.jpg,263977_1.jpg,1798798_0.jpg,1576123_2.jpg,1760401_1.jpg,450617_0.jpg,1707110_1.jpg,873005_3.jpg
253,314150_1.jpg,314150_0.jpg,1707110_2.jpg,263977_1.jpg,1176962_1.jpg,1798798_0.jpg,1576123_2.jpg,1760401_1.jpg,589746_1.jpg,1707110_1.jpg,450617_0.jpg
254,317844_2.jpg,1325563_1.jpg,1325342_1.jpg,205570_0.jpg,1599198_0.jpg,1798798_0.jpg,345278_1.jpg,822789_0.jpg,450617_1.jpg,891974_0.jpg,1582653_0.jpg
255,317844_3.jpg,820921_1.jpg,1092778_2.jpg,1593313_1.jpg,205570_0.jpg,1575432_0.jpg,92429_1.jpg,67178_1.jpg,1044088_0.jpg,2182278_0.jpg,1056191_0.jpg
256,321706_0.jpg,321706_1.jpg,321706_2.jpg,518866_0.jpg,650774_0.jpg,1109257_2.jpg,733529_0.jpg,733529_1.jpg,472850_0.jpg,733529_2.jpg,1109257_1.jpg
257,321706_1.jpg,321706_0.jpg,321706_2.jpg,1109257_2.jpg,518866_0.jpg,650774_0.jpg,733529_1.jpg,733529_0.jpg,472850_0.jpg,733529_2.jpg,2057638_0.jpg
258,321706_2.jpg,321706_1.jpg,321706_0.jpg,1109257_2.jpg,518866_0.jpg,733529_1.jpg,733529_0.jpg,650774_0.jpg,472850_0.jpg,733529_2.jpg,1109257_1.jpg
259,325224_0.jpg,682476_0.jpg,203796_0.jpg,1447377_0.jpg,708497_0.jpg,135567_0.jpg,468034_0.jpg,1132290_0.jpg,164551_0.jpg,1151476_0.jpg,1225066_0.jpg
260,32637_0.jpg,49098_1.jpg,1278044_0.jpg,1468799_1.jpg,1987193_0.jpg,1231297_0.jpg,1687893_1.jpg,1732332_0.jpg,112172_0.jpg,1036341_1.jpg,50774_0.jpg
261,329574_0.jpg,1527984_1.jpg,130923_2.jpg,2178745_2.jpg,2178745_0.jpg,564539_3.jpg,733529_3.jpg,130923_1.jpg,1687893_2.jpg,1576123_1.jpg,650774_0.jpg
262,337044_0.jpg,964386_0.jpg,1687893_0.jpg,1578809_0.jpg,80746_0.jpg,964386_1.jpg,1433731_0.jpg,691503_0.jpg,2253353_0.jpg,345278_0.jpg,1703449_1.jpg
263,345278_0.jpg,2069608_0.jpg,1703449_1.jpg,2069608_1.jpg,756621_0.jpg,1673499_0.jpg,1687893_0.jpg,1595337_0.jpg,2253353_0.jpg,691503_0.jpg,983256_0.jpg
264,345278_1.jpg,1325563_1.jpg,1737403_0.jpg,317844_2.jpg,868312_0.jpg,345278_2.jpg,651751_1.jpg,1459159_0.jpg,2182278_0.jpg,52734_0.jpg,450617_1.jpg
265,345278_2.jpg,797428_1.jpg,36756_0.jpg,982234_1.jpg,238697_1.jpg,365129_2.jpg,868312_0.jpg,2205076_0.jpg,459246_0.jpg,746273_0.jpg,229245_1.jpg
266,345278_3.jpg,1732332_0.jpg,983256_0.jpg,1372772_0.jpg,1964332_0.jpg,687181_0.jpg,1478056_0.jpg,1468799_1.jpg,1762430_0.jpg,364512_0.jpg,986387_0.jpg
267,358254_0.jpg,534007_0.jpg,2069608_0.jpg,2069608_1.jpg,112172_0.jpg,1595337_0.jpg,250987_1.jpg,49098_1.jpg,1687893_0.jpg,728285_0.jpg,1605480_0.jpg
268,358686_0.jpg,573181_0.jpg,1322503_0.jpg,1151476_0.jpg,571044_0.jpg,1906615_0.jpg,1968352_0.jpg,1307947_0.jpg,1649509_0.jpg,402517_0.jpg,1132290_0.jpg
269,364512_0.jpg,1762430_0.jpg,1283257_0.jpg,1160789_0.jpg,1964332_0.jpg,756621_0.jpg,986387_0.jpg,1732332_0.jpg,983256_0.jpg,633904_1.jpg,564539_1.jpg
270,365129_1.jpg,250987_1.jpg,633904_1.jpg,1595337_0.jpg,49098_1.jpg,112172_0.jpg,534007_0.jpg,2253353_0.jpg,756621_0.jpg,2069608_0.jpg,358254_0.jpg
271,365129_2.jpg,1760401_1.jpg,1231297_0.jpg,732760_1.jpg,1987193_0.jpg,50774_0.jpg,450617_0.jpg,651751_1.jpg,833116_1.jpg,229245_1.jpg,1743970_0.jpg
272,36756_0.jpg,36756_1.jpg,229245_1.jpg,36756_2.jpg,345278_2.jpg,608775_0.jpg,1730220_2.jpg,1730220_1.jpg,36756_3.jpg,1575432_0.jpg,873005_3.jpg
273,36756_1.jpg,36756_2.jpg,36756_0.jpg,36756_3.jpg,229245_1.jpg,608775_0.jpg,1260869_0.jpg,732760_1.jpg,1440174_0.jpg,1260869_1.jpg,450617_0.jpg
274,36756_2.jpg,36756_3.jpg,36756_1.jpg,1260869_0.jpg,1260869_1.jpg,36756_0.jpg,608775_0.jpg,1260869_2.jpg,229245_1.jpg,664385_1.jpg,1730220_2.jpg
275,36756_3.jpg,36756_2.jpg,36756_1.jpg,608775_0.jpg,1260869_0.jpg,1260869_1.jpg,1260869_2.jpg,36756_0.jpg,229245_1.jpg,1730220_2.jpg,460016_1.jpg
276,371780_0.jpg,371780_2.jpg,1044088_0.jpg,317844_3.jpg,371780_1.jpg,1092778_2.jpg,1593313_1.jpg,820921_1.jpg,1572267_1.jpg,43259_0.jpg,1459159_0.jpg
277,371780_1.jpg,371780_2.jpg,1044088_0.jpg,972385_0.jpg,371780_0.jpg,1459159_0.jpg,820921_1.jpg,43259_0.jpg,317844_3.jpg,1092778_2.jpg,1603710_0.jpg
278,371780_2.jpg,371780_0.jpg,1092778_2.jpg,1044088_0.jpg,371780_1.jpg,1572267_1.jpg,1379432_1.jpg,851119_2.jpg,820921_1.jpg,317844_3.jpg,67178_1.jpg
279,376782_0.jpg,1109257_2.jpg,733529_1.jpg,321706_2.jpg,1871222_0.jpg,321706_1.jpg,1824421_0.jpg,1917423_0.jpg,650774_0.jpg,321706_0.jpg,518866_0.jpg
280,378618_0.jpg,1322503_0.jpg,2208073_0.jpg,2007119_0.jpg,1307947_0.jpg,840601_0.jpg,571044_0.jpg,358686_0.jpg,1151476_0.jpg,1197079_0.jpg,573181_0.jpg
281,383815_0.jpg,1275914_0.jpg,1275914_1.jpg,1275914_2.jpg,2029929_0.jpg,80746_0.jpg,1372772_0.jpg,1231297_0.jpg,1634047_0.jpg,564539_0.jpg,1268790_0.jpg
282,38710_0.jpg,263309_0.jpg,263309_1.jpg,1728638_1.jpg,821742_0.jpg,928673_0.jpg,659403_0.jpg,1253010_0.jpg,1614155_3.jpg,732760_1.jpg,1443668_1.jpg
283,402517_0.jpg,1953016_0.jpg,1906615_0.jpg,1307947_0.jpg,358686_0.jpg,1968352_0.jpg,571044_0.jpg,58054_0.jpg,2007119_0.jpg,1132290_0.jpg,1151476_0.jpg
284,403925_0.jpg,139693_0.jpg,975618_0.jpg,1063012_0.jpg,680660_0.jpg,1295791_0.jpg,935859_0.jpg,146579_0.jpg,402517_0.jpg,786471_0.jpg,1805038_0.jpg
285,416272_0.jpg,660354_1.jpg,777138_0.jpg,777138_1.jpg,1599198_0.jpg,871447_0.jpg,699949_0.jpg,822789_0.jpg,734879_0.jpg,734879_1.jpg,460361_0.jpg
286,425051_0.jpg,358254_0.jpg,534007_0.jpg,49098_1.jpg,112172_0.jpg,728285_0.jpg,1109257_0.jpg,2069608_1.jpg,2069608_0.jpg,1109257_1.jpg,1595337_0.jpg
287,427793_0.jpg,130923_0.jpg,964386_0.jpg,964386_1.jpg,1634047_0.jpg,1687893_1.jpg,80746_0.jpg,1478056_0.jpg,1578809_0.jpg,712329_0.jpg,2157255_3.jpg
288,43259_0.jpg,2182278_0.jpg,820921_1.jpg,1092778_2.jpg,1575432_0.jpg,972385_0.jpg,809120_0.jpg,2229742_0.jpg,1044088_0.jpg,317844_3.jpg,1458432_3.jpg
289,447275_1.jpg,2007119_0.jpg,1307947_0.jpg,402517_0.jpg,840601_0.jpg,358686_0.jpg,1197079_1.jpg,573181_0.jpg,1886547_1.jpg,1322503_0.jpg,921968_0.jpg
290,450617_0.jpg,1728638_1.jpg,1743970_0.jpg,459246_0.jpg,732760_1.jpg,263309_0.jpg,1141295_0.jpg,365129_2.jpg,1253010_0.jpg,2063944_0.jpg,1440174_0.jpg
291,450617_1.jpg,1325563_1.jpg,130923_2.jpg,2182278_0.jpg,130923_1.jpg,1575432_0.jpg,205570_0.jpg,1798798_0.jpg,1599198_0.jpg,1325342_1.jpg,1458432_3.jpg
292,459246_0.jpg,450617_0.jpg,1728638_1.jpg,263309_1.jpg,732760_1.jpg,263309_0.jpg,1440174_0.jpg,1141295_0.jpg,1743970_0.jpg,1614155_3.jpg,1443668_1.jpg
293,460016_0.jpg,460016_1.jpg,2205076_0.jpg,1730220_2.jpg,2129433_0.jpg,1730220_1.jpg,365129_2.jpg,345278_2.jpg,746273_0.jpg,833116_1.jpg,36756_1.jpg
294,460016_1.jpg,2129433_0.jpg,460016_0.jpg,633904_2.jpg,2205076_0.jpg,746273_3.jpg,1260869_1.jpg,1260869_2.jpg,664385_1.jpg,1260869_0.jpg,1036341_1.jpg
295,460361_0.jpg,833116_1.jpg,891974_0.jpg,1798798_0.jpg,1687893_2.jpg,777138_0.jpg,564539_3.jpg,1340129_0.jpg,660354_0.jpg,733529_2.jpg,1532381_2.jpg
296,462536_0.jpg,1857959_0.jpg,280948_0.jpg,957675_0.jpg,921968_0.jpg,1915995_0.jpg,2051515_0.jpg,242531_0.jpg,1447377_0.jpg,2218144_1.jpg,682476_0.jpg
297,463201_0.jpg,463201_1.jpg,891974_0.jpg,738333_1.jpg,733529_2.jpg,472850_0.jpg,1824421_0.jpg,2034661_0.jpg,1532381_2.jpg,1529023_0.jpg,733529_1.jpg
298,463201_1.jpg,463201_0.jpg,1325342_0.jpg,733529_2.jpg,738333_1.jpg,891974_0.jpg,2057638_0.jpg,733529_1.jpg,472850_0.jpg,2034661_0.jpg,321706_2.jpg
299,468034_0.jpg,1649509_0.jpg,1225066_0.jpg,1197079_0.jpg,1895992_0.jpg,1132290_0.jpg,135567_0.jpg,58054_0.jpg,1590846_0.jpg,1968352_0.jpg,708497_0.jpg
300,472850_0.jpg,733529_2.jpg,733529_1.jpg,321706_1.jpg,321706_2.jpg,650774_0.jpg,1109257_2.jpg,321706_0.jpg,2034661_0.jpg,733529_3.jpg,1824421_0.jpg
301,472850_1.jpg,1379432_1.jpg,1572267_1.jpg,67178_1.jpg,1056191_0.jpg,1325342_2.jpg,721564_0.jpg,1092778_2.jpg,1418639_1.jpg,1459159_0.jpg,67178_0.jpg
302,49098_1.jpg,112172_0.jpg,728285_0.jpg,358254_0.jpg,1595337_0.jpg,365129_1.jpg,250987_1.jpg,534007_0.jpg,1687893_0.jpg,1732332_0.jpg,2069608_0.jpg
303,50774_0.jpg,1278044_0.jpg,2157255_1.jpg,1987193_0.jpg,1687893_1.jpg,1052815_1.jpg,1052815_0.jpg,1231297_0.jpg,32637_0.jpg,1036341_1.jpg,752830_0.jpg
304,518866_0.jpg,321706_0.jpg,321706_1.jpg,321706_2.jpg,733529_0.jpg,1687893_3.jpg,1177265_0.jpg,1109257_2.jpg,1109257_1.jpg,1109257_0.jpg,1907613_0.jpg
305,52734_0.jpg,1687893_2.jpg,564539_2.jpg,1270642_0.jpg,594255_3.jpg,2057638_0.jpg,651751_1.jpg,1231297_0.jpg,564539_3.jpg,321706_0.jpg,321706_1.jpg
306,534007_0.jpg,2069608_0.jpg,358254_0.jpg,2069608_1.jpg,250987_1.jpg,112172_0.jpg,1595337_0.jpg,1687893_0.jpg,728285_0.jpg,756621_0.jpg,1887053_0.jpg
307,564539_0.jpg,1732332_0.jpg,1278044_0.jpg,1478056_0.jpg,2029929_0.jpg,2069608_1.jpg,1578809_0.jpg,2069608_0.jpg,1052815_0.jpg,1687893_0.jpg,1595337_0.jpg
308,564539_1.jpg,1794790_1.jpg,1283257_0.jpg,1673499_0.jpg,1703449_0.jpg,594255_1.jpg,1786827_0.jpg,595610_0.jpg,1794790_0.jpg,1160789_0.jpg,1985202_0.jpg
309,564539_2.jpg,1605480_1.jpg,1605480_0.jpg,1642099_0.jpg,1642099_1.jpg,691430_0.jpg,1958613_0.jpg,337044_0.jpg,358254_0.jpg,1907613_0.jpg,52734_0.jpg
310,564539_3.jpg,1687893_2.jpg,460361_0.jpg,1454863_0.jpg,594255_3.jpg,130923_2.jpg,52734_0.jpg,650774_0.jpg,321706_1.jpg,321706_0.jpg,676600_0.jpg
311,571044_0.jpg,2138384_0.jpg,1649509_0.jpg,1968352_0.jpg,78948_0.jpg,1953016_0.jpg,1906615_0.jpg,58054_0.jpg,1322503_0.jpg,1307947_0.jpg,1590846_0.jpg
312,573181_0.jpg,358686_0.jpg,2007119_0.jpg,1322503_0.jpg,194441_0.jpg,1307947_0.jpg,1151476_0.jpg,571044_0.jpg,2208073_0.jpg,402517_0.jpg,203796_0.jpg
313,57463_0.jpg,1486076_0.jpg,809120_0.jpg,1497135_0.jpg,263309_1.jpg,38710_0.jpg,263309_0.jpg,966066_0.jpg,2229742_0.jpg,851119_2.jpg,1473075_1.jpg
314,57463_1.jpg,371780_2.jpg,851119_2.jpg,57463_0.jpg,1497135_0.jpg,1486076_0.jpg,371780_0.jpg,809120_0.jpg,17126_0.jpg,17126_1.jpg,17126_2.jpg
315,58054_0.jpg,1968352_0.jpg,1895992_0.jpg,1906615_0.jpg,1953016_0.jpg,1649509_0.jpg,1590846_0.jpg,571044_0.jpg,1225066_0.jpg,1469046_0.jpg,1132290_0.jpg
316,589746_0.jpg,589746_2.jpg,2046514_3.jpg,1418639_2.jpg,1778844_0.jpg,2063944_2.jpg,721564_0.jpg,67178_0.jpg,1418639_1.jpg,2063944_1.jpg,1056191_3.jpg
317,589746_1.jpg,2002494_0.jpg,263977_1.jpg,1599198_0.jpg,205570_0.jpg,1778844_0.jpg,1707110_1.jpg,1798798_0.jpg,314150_1.jpg,314150_0.jpg,734879_0.jpg
318,589746_2.jpg,589746_0.jpg,2046514_3.jpg,1418639_2.jpg,1778844_0.jpg,2063944_2.jpg,721564_0.jpg,589746_1.jpg,871447_0.jpg,67178_0.jpg,268682_0.jpg
319,594255_0.jpg,712329_0.jpg,1268790_0.jpg,1634047_0.jpg,1703449_1.jpg,687181_0.jpg,983256_0.jpg,1433731_1.jpg,1169401_0.jpg,130923_0.jpg,964386_1.jpg
320,594255_1.jpg,226518_1.jpg,1985202_0.jpg,1794790_1.jpg,1794790_0.jpg,2157255_2.jpg,1160789_0.jpg,1352316_1.jpg,1283257_0.jpg,564539_1.jpg,1887053_0.jpg
321,594255_3.jpg,50774_0.jpg,1687893_2.jpg,1590478_0.jpg,651751_1.jpg,1231297_0.jpg,660354_0.jpg,1454863_0.jpg,1278044_0.jpg,964386_0.jpg,52734_0.jpg
322,595610_0.jpg,1703449_0.jpg,1794790_1.jpg,1283257_0.jpg,564539_1.jpg,1786827_0.jpg,756621_0.jpg,594255_1.jpg,1673499_0.jpg,1985202_0.jpg,1286631_0.jpg
323,608775_0.jpg,36756_1.jpg,36756_3.jpg,36756_2.jpg,36756_0.jpg,873005_3.jpg,229245_1.jpg,1379432_0.jpg,734879_0.jpg,734879_1.jpg,1679426_1.jpg
324,633904_1.jpg,756621_0.jpg,1160789_0.jpg,226518_1.jpg,2253353_0.jpg,1283257_0.jpg,365129_1.jpg,250987_1.jpg,364512_0.jpg,594255_1.jpg,1762430_0.jpg
325,633904_2.jpg,633904_1.jpg,1036341_1.jpg,1260869_2.jpg,2129433_0.jpg,365129_1.jpg,1260869_1.jpg,2146896_0.jpg,32637_0.jpg,664385_1.jpg,752830_0.jpg
326,643543_0.jpg,1614155_3.jpg,1253010_0.jpg,1055364_0.jpg,1443668_1.jpg,2146896_0.jpg,732760_1.jpg,1728638_1.jpg,746273_3.jpg,1036341_1.jpg,70857_0.jpg
327,650774_0.jpg,321706_1.jpg,321706_0.jpg,733529_1.jpg,321706_2.jpg,2178745_0.jpg,733529_2.jpg,1109257_2.jpg,472850_0.jpg,733529_3.jpg,518866_0.jpg
328,651751_1.jpg,1231297_0.jpg,1987193_0.jpg,594255_3.jpg,750334_0.jpg,365129_2.jpg,732760_1.jpg,797428_1.jpg,50774_0.jpg,1006041_1.jpg,1275914_0.jpg
329,659403_0.jpg,1443668_1.jpg,1055364_0.jpg,1728638_1.jpg,1212545_0.jpg,928673_0.jpg,1614155_3.jpg,821742_0.jpg,263977_2.jpg,2191249_0.jpg,1590478_0.jpg
330,660354_0.jpg,383815_0.jpg,2157255_0.jpg,2191249_0.jpg,1275914_0.jpg,1275914_1.jpg,1275914_2.jpg,833116_1.jpg,2157255_3.jpg,1687893_1.jpg,1278044_0.jpg
331,660354_1.jpg,777138_0.jpg,1599198_0.jpg,416272_0.jpg,777138_1.jpg,460361_0.jpg,822789_0.jpg,734879_0.jpg,734879_1.jpg,660354_0.jpg,205570_0.jpg
332,664385_1.jpg,633904_2.jpg,2129433_0.jpg,1260869_2.jpg,1260869_1.jpg,1957545_0.jpg,797428_2.jpg,1260869_0.jpg,32637_0.jpg,1987193_0.jpg,752830_0.jpg
333,664385_2.jpg,238697_2.jpg,263977_2.jpg,1871222_0.jpg,1957545_0.jpg,664385_1.jpg,752830_0.jpg,1743970_0.jpg,1728638_1.jpg,732760_1.jpg,1052815_1.jpg
334,667181_0.jpg,1367942_0.jpg,268682_0.jpg,1056191_3.jpg,871447_0.jpg,2178745_2.jpg,1527984_1.jpg,416272_0.jpg,733529_3.jpg,1030804_2.jpg,721564_0.jpg
335,67178_0.jpg,67178_1.jpg,1529023_0.jpg,268682_0.jpg,1056191_1.jpg,1056191_3.jpg,828127_0.jpg,721564_0.jpg,1798798_0.jpg,965135_3.jpg,822789_0.jpg
336,67178_1.jpg,67178_0.jpg,926124_0.jpg,721564_0.jpg,1572267_1.jpg,1379432_1.jpg,820921_1.jpg,317844_3.jpg,1056191_0.jpg,1092778_2.jpg,1459159_0.jpg
337,676600_0.jpg,1642099_1.jpg,1642099_0.jpg,1340129_0.jpg,1907613_0.jpg,1579564_0.jpg,1958613_0.jpg,1278044_0.jpg,691430_0.jpg,1109257_0.jpg,1687893_2.jpg
338,680660_0.jpg,975618_0.jpg,935859_0.jpg,139693_0.jpg,1063012_0.jpg,146579_0.jpg,2254692_0.jpg,1805038_0.jpg,403925_0.jpg,1649509_0.jpg,1906615_0.jpg
339,682476_0.jpg,325224_0.jpg,1447377_0.jpg,468034_0.jpg,1197079_0.jpg,135567_0.jpg,708497_0.jpg,1225066_0.jpg,1151476_0.jpg,1132290_0.jpg,2051515_0.jpg
340,687181_0.jpg,983256_0.jpg,986387_0.jpg,712329_0.jpg,964386_2.jpg,756621_0.jpg,1703449_1.jpg,1732332_0.jpg,2253353_0.jpg,1169401_0.jpg,95286_0.jpg
341,691430_0.jpg,1605480_0.jpg,1605480_1.jpg,1642099_0.jpg,1642099_1.jpg,1687893_0.jpg,358254_0.jpg,1578809_0.jpg,564539_2.jpg,1907613_0.jpg,1177265_0.jpg
342,691503_0.jpg,1687893_0.jpg,142634_0.jpg,1703449_1.jpg,1478056_0.jpg,250987_1.jpg,1433731_0.jpg,1160789_0.jpg,1762430_0.jpg,1595337_0.jpg,130923_0.jpg
343,699949_0.jpg,777138_0.jpg,777138_1.jpg,891974_0.jpg,2157255_0.jpg,460361_0.jpg,1532381_2.jpg,1366096_0.jpg,660354_0.jpg,463201_1.jpg,416272_0.jpg
344,708497_0.jpg,1895992_0.jpg,1649509_0.jpg,58054_0.jpg,1968352_0.jpg,1469046_0.jpg,1151476_0.jpg,1225066_0.jpg,164551_0.jpg,1590846_0.jpg,1197079_0.jpg
345,70857_0.jpg,1084483_0.jpg,1055364_0.jpg,1987193_0.jpg,1614155_3.jpg,1036341_1.jpg,1590478_0.jpg,1443668_1.jpg,659403_0.jpg,746273_2.jpg,1743970_0.jpg
346,712329_0.jpg,1634047_0.jpg,80746_0.jpg,1169401_0.jpg,964386_1.jpg,687181_0.jpg,1433731_1.jpg,1268790_0.jpg,1703449_1.jpg,986387_0.jpg,983256_0.jpg
347,721564_0.jpg,67178_1.jpg,67178_0.jpg,205570_0.jpg,1572267_1.jpg,1379432_1.jpg,822789_0.jpg,2002494_0.jpg,1056191_3.jpg,1056191_1.jpg,268682_0.jpg
348,726740_0.jpg,2105809_1.jpg,1568581_2.jpg,92429_2.jpg,92429_3.jpg,833116_1.jpg,217204_0.jpg,2191249_0.jpg,564539_0.jpg,918770_0.jpg,1687893_3.jpg
349,728285_0.jpg,112172_0.jpg,49098_1.jpg,1595337_0.jpg,1762430_0.jpg,142634_0.jpg,250987_1.jpg,1687893_0.jpg,534007_0.jpg,1732332_0.jpg,2069608_0.jpg
350,732760_1.jpg,1728638_1.jpg,1614155_3.jpg,1987193_0.jpg,450617_0.jpg,50774_0.jpg,928673_0.jpg,1743970_0.jpg,459246_0.jpg,32637_0.jpg,752830_0.jpg
351,733529_0.jpg,1109257_1.jpg,1109257_0.jpg,1177265_0.jpg,1687893_3.jpg,1340129_0.jpg,1642099_1.jpg,1907613_0.jpg,1642099_0.jpg,321706_1.jpg,321706_2.jpg
352,733529_1.jpg,733529_2.jpg,321706_1.jpg,321706_2.jpg,1109257_2.jpg,650774_0.jpg,321706_0.jpg,472850_0.jpg,518866_0.jpg,2178745_0.jpg,733529_3.jpg
353,733529_2.jpg,733529_1.jpg,472850_0.jpg,733529_3.jpg,650774_0.jpg,321706_1.jpg,321706_2.jpg,321706_0.jpg,1109257_2.jpg,2178745_0.jpg,891974_0.jpg
354,733529_3.jpg,733529_2.jpg,1030804_2.jpg,472850_0.jpg,1529023_0.jpg,650774_0.jpg,965135_3.jpg,1056191_1.jpg,733529_1.jpg,2178745_0.jpg,828127_0.jpg
355,734879_0.jpg,734879_1.jpg,777138_0.jpg,777138_1.jpg,1599198_0.jpg,833116_1.jpg,589746_1.jpg,1707110_1.jpg,1568581_2.jpg,2002494_0.jpg,229245_1.jpg
356,734879_0.jpg,734879_1.jpg,777138_0.jpg,777138_1.jpg,1599198_0.jpg,833116_1.jpg,589746_1.jpg,1707110_1.jpg,1568581_2.jpg,2002494_0.jpg,229245_1.jpg
357,738333_1.jpg,2178745_1.jpg,92429_2.jpg,92429_3.jpg,92429_0.jpg,463201_0.jpg,1325342_0.jpg,2057638_0.jpg,1109257_1.jpg,1687893_3.jpg,1109257_0.jpg
358,739325_0.jpg,739325_1.jpg,868312_0.jpg,1593313_1.jpg,263977_1.jpg,317844_3.jpg,2002494_0.jpg,2218144_1.jpg,345278_2.jpg,1582653_0.jpg,1909762_0.jpg
359,739325_1.jpg,739325_0.jpg,868312_0.jpg,263977_1.jpg,2002494_0.jpg,1593313_1.jpg,345278_2.jpg,317844_3.jpg,1707110_1.jpg,1325563_1.jpg,1582653_0.jpg
360,746273_0.jpg,746273_3.jpg,746273_1.jpg,1443668_1.jpg,1055364_0.jpg,2129433_0.jpg,1957545_0.jpg,1036341_1.jpg,1987193_0.jpg,746273_2.jpg,1728638_1.jpg
361,746273_1.jpg,746273_2.jpg,2146896_0.jpg,1036341_1.jpg,687181_0.jpg,1169401_0.jpg,2129433_0.jpg,95286_0.jpg,1987193_0.jpg,797428_2.jpg,746273_3.jpg
362,746273_2.jpg,746273_1.jpg,1169401_0.jpg,1036341_1.jpg,687181_0.jpg,2146896_0.jpg,95286_0.jpg,2082446_0.jpg,983256_0.jpg,986387_0.jpg,142634_0.jpg
363,746273_3.jpg,1036341_1.jpg,1055364_0.jpg,2146896_0.jpg,2129433_0.jpg,1987193_0.jpg,95286_0.jpg,1443668_1.jpg,746273_0.jpg,746273_1.jpg,797428_2.jpg
364,750334_0.jpg,1231297_0.jpg,1154812_0.jpg,651751_1.jpg,982234_0.jpg,1006041_1.jpg,1325563_0.jpg,1987193_0.jpg,1468799_1.jpg,32637_0.jpg,1115571_2.jpg
365,752830_0.jpg,32637_0.jpg,1036341_1.jpg,633904_2.jpg,1957545_0.jpg,50774_0.jpg,49098_1.jpg,1987193_0.jpg,1212545_0.jpg,1278044_0.jpg,797428_2.jpg
366,756621_0.jpg,1160789_0.jpg,1283257_0.jpg,2253353_0.jpg,1673499_0.jpg,1887053_0.jpg,1887053_1.jpg,1887053_2.jpg,1985202_0.jpg,594255_1.jpg,1703449_0.jpg
367,777138_0.jpg,777138_1.jpg,1599198_0.jpg,460361_0.jpg,660354_1.jpg,1532381_2.jpg,734879_0.jpg,734879_1.jpg,660354_0.jpg,1568581_2.jpg,416272_0.jpg
368,777138_1.jpg,777138_0.jpg,660354_0.jpg,1568581_2.jpg,1532381_2.jpg,460361_0.jpg,1599198_0.jpg,833116_1.jpg,2157255_0.jpg,1760401_1.jpg,734879_0.jpg
369,786471_0.jpg,2254692_0.jpg,1063012_0.jpg,1805038_0.jpg,680660_0.jpg,935859_0.jpg,975618_0.jpg,139693_0.jpg,1327521_0.jpg,1132290_0.jpg,1295791_0.jpg
370,78948_0.jpg,571044_0.jpg,1649509_0.jpg,58054_0.jpg,1953016_0.jpg,1968352_0.jpg,2138384_0.jpg,1151476_0.jpg,1895992_0.jpg,1590846_0.jpg,708497_0.jpg
371,797428_0.jpg,1039403_0.jpg,821742_0.jpg,825479_1.jpg,2191249_0.jpg,797428_1.jpg,263309_1.jpg,659403_0.jpg,2063944_0.jpg,38710_0.jpg,450617_0.jpg
372,797428_1.jpg,797428_2.jpg,982234_1.jpg,651751_1.jpg,1987193_0.jpg,1275914_0.jpg,1275914_1.jpg,1275914_2.jpg,732760_1.jpg,1325563_0.jpg,1957545_0.jpg
373,797428_2.jpg,1957545_0.jpg,1987193_0.jpg,95286_0.jpg,1036341_1.jpg,986387_0.jpg,2129433_0.jpg,983256_0.jpg,1169401_0.jpg,1468799_1.jpg,687181_0.jpg
374,801315_1.jpg,205570_0.jpg,1092778_2.jpg,1572267_0.jpg,1572267_1.jpg,1379432_1.jpg,1379432_0.jpg,1458432_3.jpg,1974879_3.jpg,1599198_0.jpg,317844_3.jpg
375,80746_0.jpg,1433731_1.jpg,1634047_0.jpg,712329_0.jpg,964386_1.jpg,1268790_0.jpg,1703449_1.jpg,1433731_0.jpg,687181_0.jpg,964386_0.jpg,1478056_0.jpg
376,809120_0.jpg,1486076_0.jpg,263309_1.jpg,1039403_0.jpg,17126_0.jpg,17126_1.jpg,17126_2.jpg,17126_3.jpg,1473075_1.jpg,966066_0.jpg,1473075_0.jpg
377,820921_1.jpg,2182278_0.jpg,43259_0.jpg,1092778_2.jpg,317844_3.jpg,205570_0.jpg,1575432_0.jpg,1459159_0.jpg,67178_1.jpg,1458432_3.jpg,1974879_3.jpg
378,821742_0.jpg,2191249_0.jpg,1278044_0.jpg,95286_0.jpg,1212545_0.jpg,797428_2.jpg,1055364_0.jpg,659403_0.jpg,1036341_1.jpg,1169401_0.jpg,1614155_3.jpg
379,822789_0.jpg,2178745_2.jpg,1325563_1.jpg,1798798_0.jpg,1599198_0.jpg,205570_0.jpg,1056191_1.jpg,268682_0.jpg,589746_1.jpg,67178_0.jpg,472850_0.jpg
380,825479_1.jpg,1176962_1.jpg,1909762_1.jpg,797428_0.jpg,1039403_0.jpg,459246_0.jpg,1909762_0.jpg,450617_0.jpg,1582653_0.jpg,2063944_0.jpg,314150_0.jpg
381,828127_0.jpg,1529023_0.jpg,472850_0.jpg,1026722_0.jpg,891974_0.jpg,733529_2.jpg,733529_3.jpg,460361_0.jpg,2057638_0.jpg,965135_3.jpg,2034661_0.jpg
382,833116_1.jpg,217204_0.jpg,660354_0.jpg,1579564_0.jpg,1568581_2.jpg,1614155_3.jpg,2191249_0.jpg,1340129_0.jpg,460361_0.jpg,1325563_0.jpg,365129_2.jpg
383,840601_0.jpg,1457890_0.jpg,402517_0.jpg,1322503_0.jpg,1008785_1.jpg,378618_0.jpg,2007119_0.jpg,571044_0.jpg,358686_0.jpg,1307947_0.jpg,1063012_0.jpg
384,851119_2.jpg,371780_2.jpg,1092778_2.jpg,57463_1.jpg,317844_3.jpg,57463_0.jpg,1056191_0.jpg,17126_0.jpg,17126_1.jpg,17126_2.jpg,17126_3.jpg
385,868312_0.jpg,1614155_3.jpg,797428_1.jpg,217204_0.jpg,833116_1.jpg,263977_1.jpg,1579564_0.jpg,1707110_1.jpg,1325563_0.jpg,1909762_0.jpg,1568581_2.jpg
386,871447_0.jpg,416272_0.jpg,822789_0.jpg,667181_0.jpg,660354_1.jpg,721564_0.jpg,1056191_3.jpg,777138_0.jpg,1599198_0.jpg,1778844_0.jpg,268682_0.jpg
387,873005_3.jpg,1379432_0.jpg,450617_0.jpg,205570_0.jpg,1599198_0.jpg,229245_1.jpg,1458432_3.jpg,1974879_3.jpg,1707110_1.jpg,1798798_0.jpg,1176962_1.jpg
388,891974_0.jpg,733529_2.jpg,463201_0.jpg,828127_0.jpg,460361_0.jpg,2057638_0.jpg,472850_0.jpg,1532381_2.jpg,463201_1.jpg,738333_1.jpg,1798798_0.jpg
389,91316_0.jpg,92429_0.jpg,1907613_0.jpg,2029929_0.jpg,1109257_0.jpg,1687893_3.jpg,1109257_1.jpg,1231297_0.jpg,92429_2.jpg,92429_3.jpg,1154812_0.jpg
390,918770_0.jpg,1687893_1.jpg,564539_0.jpg,2157255_1.jpg,1052815_0.jpg,1052815_1.jpg,1732332_0.jpg,32637_0.jpg,1278044_0.jpg,49098_1.jpg,594255_0.jpg
391,921968_0.jpg,2208073_0.jpg,1447377_0.jpg,358686_0.jpg,1327521_0.jpg,573181_0.jpg,1857959_0.jpg,2051515_0.jpg,1307947_0.jpg,786471_0.jpg,1457890_0.jpg
392,92429_0.jpg,92429_2.jpg,92429_3.jpg,1687893_3.jpg,91316_0.jpg,1109257_0.jpg,1109257_1.jpg,1177265_0.jpg,1907613_0.jpg,2157255_1.jpg,1231297_0.jpg
393,92429_1.jpg,317844_3.jpg,1593313_1.jpg,2002494_0.jpg,1418639_0.jpg,67178_1.jpg,205570_0.jpg,1599198_0.jpg,721564_0.jpg,1576123_1.jpg,67178_0.jpg
394,92429_2.jpg,92429_3.jpg,92429_0.jpg,738333_1.jpg,2178745_1.jpg,1907613_0.jpg,91316_0.jpg,1109257_1.jpg,1109257_0.jpg,918770_0.jpg,1687893_3.jpg
395,92429_2.jpg,92429_3.jpg,92429_0.jpg,738333_1.jpg,2178745_1.jpg,1907613_0.jpg,91316_0.jpg,1109257_1.jpg,1109257_0.jpg,918770_0.jpg,1687893_3.jpg
396,926124_0.jpg,67178_1.jpg,1325342_1.jpg,1325342_2.jpg,1141295_1.jpg,205570_0.jpg,67178_0.jpg,1798798_0.jpg,371780_2.jpg,1092778_2.jpg,1575432_0.jpg
397,928673_0.jpg,1728638_1.jpg,1443668_1.jpg,732760_1.jpg,1055364_0.jpg,659403_0.jpg,1614155_3.jpg,1212545_0.jpg,263309_0.jpg,263977_2.jpg,1590478_0.jpg
398,935859_0.jpg,1805038_0.jpg,975618_0.jpg,680660_0.jpg,146579_0.jpg,1063012_0.jpg,2254692_0.jpg,139693_0.jpg,1649509_0.jpg,786471_0.jpg,58054_0.jpg
399,95286_0.jpg,983256_0.jpg,986387_0.jpg,1732332_0.jpg,687181_0.jpg,2253353_0.jpg,797428_2.jpg,2082446_0.jpg,1036341_1.jpg,1169401_0.jpg,1468799_1.jpg
400,957675_0.jpg,682476_0.jpg,1857959_0.jpg,2051515_0.jpg,921968_0.jpg,1447377_0.jpg,2208073_0.jpg,1151476_0.jpg,1915995_0.jpg,358686_0.jpg,573181_0.jpg
401,964386_0.jpg,964386_1.jpg,2157255_3.jpg,2157255_1.jpg,1687893_1.jpg,1634047_0.jpg,427793_0.jpg,712329_0.jpg,337044_0.jpg,1578809_0.jpg,80746_0.jpg
402,964386_1.jpg,964386_0.jpg,712329_0.jpg,1634047_0.jpg,80746_0.jpg,427793_0.jpg,1433731_1.jpg,1169401_0.jpg,1268790_0.jpg,964386_2.jpg,1703449_1.jpg
403,964386_2.jpg,1703449_0.jpg,1786827_0.jpg,1286631_1.jpg,595610_0.jpg,1703449_1.jpg,1286631_0.jpg,687181_0.jpg,1433731_1.jpg,1433731_0.jpg,1283257_0.jpg
404,965135_3.jpg,1529023_0.jpg,733529_3.jpg,1030804_2.jpg,828127_0.jpg,1798798_0.jpg,1056191_3.jpg,1056191_1.jpg,891974_0.jpg,733529_2.jpg,472850_0.jpg
405,966066_0.jpg,1176962_1.jpg,450617_0.jpg,459246_0.jpg,825479_1.jpg,263309_0.jpg,2182278_0.jpg,809120_0.jpg,263309_1.jpg,314150_0.jpg,873005_3.jpg
406,972385_0.jpg,2182278_0.jpg,43259_0.jpg,1459159_0.jpg,1044088_0.jpg,1092778_2.jpg,820921_1.jpg,1575432_0.jpg,1603710_0.jpg,371780_1.jpg,371780_2.jpg
407,975618_0.jpg,680660_0.jpg,146579_0.jpg,1063012_0.jpg,935859_0.jpg,139693_0.jpg,1805038_0.jpg,2254692_0.jpg,403925_0.jpg,1906615_0.jpg,1649509_0.jpg
408,977773_0.jpg,2157255_3.jpg,70857_0.jpg,964386_0.jpg,660354_0.jpg,1084483_0.jpg,1760401_1.jpg,2158282_1.jpg,2158282_2.jpg,2158282_3.jpg,964386_1.jpg
409,982234_0.jpg,1468799_1.jpg,1115571_2.jpg,1154812_0.jpg,2253353_0.jpg,1433731_0.jpg,1468799_2.jpg,687181_0.jpg,80746_0.jpg,797428_2.jpg,983256_0.jpg
410,982234_1.jpg,797428_1.jpg,651751_1.jpg,750334_0.jpg,365129_2.jpg,982234_0.jpg,238697_1.jpg,1231297_0.jpg,1275914_0.jpg,1275914_1.jpg,1275914_2.jpg
411,983256_0.jpg,986387_0.jpg,1732332_0.jpg,687181_0.jpg,1703449_1.jpg,756621_0.jpg,2082446_0.jpg,1762430_0.jpg,364512_0.jpg,2253353_0.jpg,2069608_0.jpg
412,986387_0.jpg,983256_0.jpg,2082446_0.jpg,1762430_0.jpg,1732332_0.jpg,364512_0.jpg,1786827_0.jpg,687181_0.jpg,1169401_0.jpg,756621_0.jpg,1283257_0.jpg
